[{"model": "admin.logentry", "pk": 1, "fields": {"action_time": "2020-10-29T12:31:48.310Z", "user": 1, "content_type": 20, "object_id": "1", "object_repr": "50-56", "action_flag": 1, "change_message": "[{\"added\": {}}, {\"added\": {\"name\": \"size\", \"object\": \"50\"}}, {\"added\": {\"name\": \"size\", \"object\": \"56\"}}]"}}, {"model": "admin.logentry", "pk": 2, "fields": {"action_time": "2020-10-29T12:32:28.998Z", "user": 1, "content_type": 20, "object_id": "2", "object_repr": "62-80", "action_flag": 1, "change_message": "[{\"added\": {}}, {\"added\": {\"name\": \"size\", \"object\": \"62\"}}, {\"added\": {\"name\": \"size\", \"object\": \"68\"}}, {\"added\": {\"name\": \"size\", \"object\": \"74\"}}, {\"added\": {\"name\": \"size\", \"object\": \"80\"}}]"}}, {"model": "admin.logentry", "pk": 3, "fields": {"action_time": "2020-10-29T12:32:56.331Z", "user": 1, "content_type": 20, "object_id": "3", "object_repr": "86-104", "action_flag": 1, "change_message": "[{\"added\": {}}, {\"added\": {\"name\": \"size\", \"object\": \"86\"}}, {\"added\": {\"name\": \"size\", \"object\": \"92\"}}, {\"added\": {\"name\": \"size\", \"object\": \"98\"}}, {\"added\": {\"name\": \"size\", \"object\": \"104\"}}]"}}, {"model": "admin.logentry", "pk": 4, "fields": {"action_time": "2020-10-29T12:33:24.684Z", "user": 1, "content_type": 20, "object_id": "4", "object_repr": "108-122", "action_flag": 1, "change_message": "[{\"added\": {}}, {\"added\": {\"name\": \"size\", \"object\": \"108\"}}, {\"added\": {\"name\": \"size\", \"object\": \"104\"}}, {\"added\": {\"name\": \"size\", \"object\": \"110\"}}, {\"added\": {\"name\": \"size\", \"object\": \"116\"}}, {\"added\": {\"name\": \"size\", \"object\": \"122\"}}]"}}, {"model": "admin.logentry", "pk": 5, "fields": {"action_time": "2020-10-29T12:35:33.035Z", "user": 1, "content_type": 8, "object_id": "1", "object_repr": "Платья", "action_flag": 1, "change_message": "[{\"added\": {}}]"}}, {"model": "admin.logentry", "pk": 6, "fields": {"action_time": "2020-10-29T12:47:41.369Z", "user": 1, "content_type": 15, "object_id": "1", "object_repr": "Крутая модель", "action_flag": 1, "change_message": "[{\"added\": {}}]"}}, {"model": "admin.logentry", "pk": 7, "fields": {"action_time": "2020-10-29T12:48:53.436Z", "user": 1, "content_type": 14, "object_id": "1", "object_repr": "Хлопок 100%", "action_flag": 1, "change_message": "[{\"added\": {}}]"}}, {"model": "admin.logentry", "pk": 8, "fields": {"action_time": "2020-10-29T12:49:14.019Z", "user": 1, "content_type": 16, "object_id": "1", "object_repr": "до 9 лет", "action_flag": 1, "change_message": "[{\"added\": {}}]"}}, {"model": "admin.logentry", "pk": 9, "fields": {"action_time": "2020-10-29T12:50:38.171Z", "user": 1, "content_type": 9, "object_id": "1", "object_repr": "Афины", "action_flag": 1, "change_message": "[{\"added\": {}}, {\"added\": {\"name\": \"\\u0441\\u0435\\u0442 \\u0442\\u043e\\u0432\\u0430\\u0440\\u0430\", \"object\": \"\\u0410\\u0444\\u0438\\u043d\\u044b\"}}, {\"added\": {\"name\": \"\\u0441\\u0435\\u0442 \\u0442\\u043e\\u0432\\u0430\\u0440\\u0430\", \"object\": \"\\u0410\\u0444\\u0438\\u043d\\u044b\"}}, {\"added\": {\"name\": \"\\u0441\\u0435\\u0442 \\u0442\\u043e\\u0432\\u0430\\u0440\\u0430\", \"object\": \"\\u0410\\u0444\\u0438\\u043d\\u044b\"}}, {\"added\": {\"name\": \"\\u0441\\u0435\\u0442 \\u0442\\u043e\\u0432\\u0430\\u0440\\u0430\", \"object\": \"\\u0410\\u0444\\u0438\\u043d\\u044b\"}}, {\"added\": {\"name\": \"\\u0444\\u043e\\u0442\\u043e \\u0442\\u043e\\u0432\\u0430\\u0440\\u0430\", \"object\": \"Gallery object (1)\"}}, {\"added\": {\"name\": \"\\u0444\\u043e\\u0442\\u043e \\u0442\\u043e\\u0432\\u0430\\u0440\\u0430\", \"object\": \"Gallery object (2)\"}}, {\"added\": {\"name\": \"\\u0444\\u043e\\u0442\\u043e \\u0442\\u043e\\u0432\\u0430\\u0440\\u0430\", \"object\": \"Gallery object (3)\"}}, {\"added\": {\"name\": \"\\u0444\\u043e\\u0442\\u043e \\u0442\\u043e\\u0432\\u0430\\u0440\\u0430\", \"object\": \"Gallery object (4)\"}}]"}}, {"model": "admin.logentry", "pk": 10, "fields": {"action_time": "2020-10-29T13:12:12.644Z", "user": 1, "content_type": 12, "object_id": "1", "object_repr": "Красный", "action_flag": 1, "change_message": "[{\"added\": {}}]"}}, {"model": "admin.logentry", "pk": 11, "fields": {"action_time": "2020-10-29T13:12:16.979Z", "user": 1, "content_type": 12, "object_id": "2", "object_repr": "Синий", "action_flag": 1, "change_message": "[{\"added\": {}}]"}}, {"model": "admin.logentry", "pk": 12, "fields": {"action_time": "2020-10-29T13:12:23.253Z", "user": 1, "content_type": 12, "object_id": "3", "object_repr": "Розовый", "action_flag": 1, "change_message": "[{\"added\": {}}]"}}, {"model": "admin.logentry", "pk": 13, "fields": {"action_time": "2020-10-29T13:18:02.899Z", "user": 1, "content_type": 4, "object_id": "1", "object_repr": "admin", "action_flag": 2, "change_message": "[{\"changed\": {\"fields\": [\"First name\"]}}]"}}, {"model": "admin.logentry", "pk": 14, "fields": {"action_time": "2020-10-29T13:19:34.738Z", "user": 1, "content_type": 26, "object_id": "1", "object_repr": "Lorem sit da ip...", "action_flag": 1, "change_message": "[{\"added\": {}}]"}}, {"model": "admin.logentry", "pk": 15, "fields": {"action_time": "2020-10-29T13:45:20.350Z", "user": 1, "content_type": 24, "object_id": "1", "object_repr": "admin", "action_flag": 2, "change_message": "[{\"deleted\": {\"name\": \"\\u0436\\u0435\\u043b\\u0430\\u043d\\u0438\\u0435\", \"object\": \"WishlistItem object (None)\"}}]"}}, {"model": "admin.logentry", "pk": 16, "fields": {"action_time": "2020-10-30T08:01:54.603Z", "user": 1, "content_type": 9, "object_id": "1", "object_repr": "Афины", "action_flag": 2, "change_message": "[{\"changed\": {\"name\": \"\\u0444\\u043e\\u0442\\u043e \\u0442\\u043e\\u0432\\u0430\\u0440\\u0430\", \"object\": \"Gallery object (1)\", \"fields\": [\"\\u0424\\u043e\\u0442\\u043e\"]}}]"}}, {"model": "admin.logentry", "pk": 17, "fields": {"action_time": "2020-10-30T08:02:45.389Z", "user": 1, "content_type": 9, "object_id": "1", "object_repr": "Афины", "action_flag": 2, "change_message": "[{\"changed\": {\"name\": \"\\u0444\\u043e\\u0442\\u043e \\u0442\\u043e\\u0432\\u0430\\u0440\\u0430\", \"object\": \"Gallery object (1)\", \"fields\": [\"\\u0424\\u043e\\u0442\\u043e\"]}}]"}}, {"model": "admin.logentry", "pk": 18, "fields": {"action_time": "2020-10-30T10:46:55.972Z", "user": 1, "content_type": 9, "object_id": "2", "object_repr": "sdfsadf", "action_flag": 1, "change_message": "[{\"added\": {}}, {\"added\": {\"name\": \"\\u0441\\u0435\\u0442 \\u0442\\u043e\\u0432\\u0430\\u0440\\u0430\", \"object\": \"\\u0421\\u0435\\u0442 sdfsadf\"}}, {\"added\": {\"name\": \"\\u0441\\u0435\\u0442 \\u0442\\u043e\\u0432\\u0430\\u0440\\u0430\", \"object\": \"\\u0421\\u0435\\u0442 sdfsadf\"}}, {\"added\": {\"name\": \"\\u0441\\u0435\\u0442 \\u0442\\u043e\\u0432\\u0430\\u0440\\u0430\", \"object\": \"\\u0421\\u0435\\u0442 sdfsadf\"}}, {\"added\": {\"name\": \"\\u0441\\u0435\\u0442 \\u0442\\u043e\\u0432\\u0430\\u0440\\u0430\", \"object\": \"\\u0421\\u0435\\u0442 sdfsadf\"}}, {\"added\": {\"name\": \"\\u0444\\u043e\\u0442\\u043e \\u0442\\u043e\\u0432\\u0430\\u0440\\u0430\", \"object\": \"Gallery object (5)\"}}, {\"added\": {\"name\": \"\\u0444\\u043e\\u0442\\u043e \\u0442\\u043e\\u0432\\u0430\\u0440\\u0430\", \"object\": \"Gallery object (6)\"}}, {\"added\": {\"name\": \"\\u0444\\u043e\\u0442\\u043e \\u0442\\u043e\\u0432\\u0430\\u0440\\u0430\", \"object\": \"Gallery object (7)\"}}]"}}, {"model": "admin.logentry", "pk": 19, "fields": {"action_time": "2020-10-30T14:03:58.074Z", "user": 1, "content_type": 24, "object_id": "1", "object_repr": "admin", "action_flag": 2, "change_message": "[{\"deleted\": {\"name\": \"\\u0436\\u0435\\u043b\\u0430\\u043d\\u0438\\u0435\", \"object\": \"WishlistItem object (None)\"}}, {\"deleted\": {\"name\": \"\\u0436\\u0435\\u043b\\u0430\\u043d\\u0438\\u0435\", \"object\": \"WishlistItem object (None)\"}}]"}}, {"model": "admin.logentry", "pk": 20, "fields": {"action_time": "2020-10-30T16:19:26.014Z", "user": 1, "content_type": 9, "object_id": "1", "object_repr": "Афины", "action_flag": 2, "change_message": "[{\"changed\": {\"fields\": [\"\\u0426\\u0435\\u043d\\u0430 \\u0434\\u043e\"]}}]"}}, {"model": "admin.logentry", "pk": 21, "fields": {"action_time": "2020-10-30T16:20:12.754Z", "user": 1, "content_type": 9, "object_id": "2", "object_repr": "sdfsadf", "action_flag": 2, "change_message": "[{\"changed\": {\"fields\": [\"\\u0426\\u0435\\u043d\\u0430 \\u043e\\u0442\", \"\\u0426\\u0435\\u043d\\u0430 \\u0434\\u043e\"]}}, {\"changed\": {\"name\": \"\\u0441\\u0435\\u0442 \\u0442\\u043e\\u0432\\u0430\\u0440\\u0430\", \"object\": \"\\u0421\\u0435\\u0442 sdfsadf 108-122\", \"fields\": [\"\\u0426\\u0435\\u043d\\u0430\"]}}]"}}, {"model": "admin.logentry", "pk": 22, "fields": {"action_time": "2020-10-31T12:07:52.903Z", "user": 1, "content_type": 9, "object_id": "1", "object_repr": "Афины", "action_flag": 2, "change_message": "[{\"changed\": {\"fields\": [\"\\u0414\\u043e\\u0441\\u0442\\u0443\\u043f\\u043d\\u043e \\u0432 \\u0430\\u0440\\u0435\\u043d\\u0434\\u0443\"]}}]"}}, {"model": "admin.logentry", "pk": 23, "fields": {"action_time": "2020-10-31T12:23:36.116Z", "user": 1, "content_type": 9, "object_id": "1", "object_repr": "Афины", "action_flag": 2, "change_message": "[{\"changed\": {\"fields\": [\"\\u0415\\u0441\\u043b\\u0438 \\u0430\\u0440\\u0435\\u043d\\u0434\\u0430, \\u0442\\u043e \\u043a\\u0430\\u043a\\u0430\\u044f \\u043e\\u043f\\u043b\\u0430\\u0442\\u0430?\"]}}]"}}, {"model": "admin.logentry", "pk": 24, "fields": {"action_time": "2020-10-31T13:32:20.643Z", "user": 1, "content_type": 23, "object_id": "1", "object_repr": "test", "action_flag": 1, "change_message": "[{\"added\": {}}]"}}, {"model": "admin.logentry", "pk": 25, "fields": {"action_time": "2020-10-31T13:38:01.542Z", "user": 1, "content_type": 23, "object_id": "1", "object_repr": "test", "action_flag": 2, "change_message": "[{\"changed\": {\"fields\": [\"Valid to\"]}}]"}}, {"model": "admin.logentry", "pk": 26, "fields": {"action_time": "2020-10-31T14:55:33.674Z", "user": 1, "content_type": 21, "object_id": "1", "object_repr": "Order 1", "action_flag": 3, "change_message": ""}}, {"model": "admin.logentry", "pk": 27, "fields": {"action_time": "2020-10-31T14:55:33.869Z", "user": 1, "content_type": 21, "object_id": "2", "object_repr": "Order 2", "action_flag": 3, "change_message": ""}}, {"model": "admin.logentry", "pk": 28, "fields": {"action_time": "2020-10-31T15:23:54.874Z", "user": 1, "content_type": 7, "object_id": "3", "object_repr": "localhost", "action_flag": 1, "change_message": "[{\"added\": {}}]"}}, {"model": "admin.logentry", "pk": 29, "fields": {"action_time": "2020-10-31T15:25:56.511Z", "user": 1, "content_type": 7, "object_id": "2", "object_repr": "example.com", "action_flag": 3, "change_message": ""}}, {"model": "admin.logentry", "pk": 30, "fields": {"action_time": "2020-11-01T09:33:48.550Z", "user": 1, "content_type": 28, "object_id": "1", "object_repr": "main", "action_flag": 1, "change_message": "[{\"added\": {}}]"}}, {"model": "admin.logentry", "pk": 31, "fields": {"action_time": "2020-11-02T06:54:48.997Z", "user": 1, "content_type": 42, "object_id": "1", "object_repr": "10% - Discount", "action_flag": 1, "change_message": "[{\"added\": {}}]"}}, {"model": "admin.logentry", "pk": 32, "fields": {"action_time": "2020-11-02T06:55:15.011Z", "user": 1, "content_type": 43, "object_id": "1", "object_repr": "AllowedUsersRule Nº1", "action_flag": 1, "change_message": "[{\"added\": {}}]"}}, {"model": "admin.logentry", "pk": 33, "fields": {"action_time": "2020-11-02T06:55:37.746Z", "user": 1, "content_type": 46, "object_id": "1", "object_repr": "MaxUsesRule Nº1", "action_flag": 1, "change_message": "[{\"added\": {}}]"}}, {"model": "admin.logentry", "pk": 34, "fields": {"action_time": "2020-11-02T06:55:57.070Z", "user": 1, "content_type": 44, "object_id": "1", "object_repr": "ValidityRule Nº1", "action_flag": 1, "change_message": "[{\"added\": {}}]"}}, {"model": "admin.logentry", "pk": 35, "fields": {"action_time": "2020-11-02T06:56:11.568Z", "user": 1, "content_type": 48, "object_id": "1", "object_repr": "Ruleset Nº1", "action_flag": 1, "change_message": "[{\"added\": {}}]"}}, {"model": "admin.logentry", "pk": 36, "fields": {"action_time": "2020-11-02T06:56:18.009Z", "user": 1, "content_type": 47, "object_id": "1", "object_repr": "3QKY2EXURMYV", "action_flag": 1, "change_message": "[{\"added\": {}}]"}}, {"model": "admin.logentry", "pk": 37, "fields": {"action_time": "2020-11-02T07:11:25.273Z", "user": 1, "content_type": 47, "object_id": "2", "object_repr": "DVPR4GG5YXGP", "action_flag": 1, "change_message": "[{\"added\": {}}]"}}, {"model": "admin.logentry", "pk": 38, "fields": {"action_time": "2020-11-02T07:12:24.376Z", "user": 1, "content_type": 46, "object_id": "2", "object_repr": "MaxUsesRule Nº2", "action_flag": 1, "change_message": "[{\"added\": {}}]"}}, {"model": "admin.logentry", "pk": 39, "fields": {"action_time": "2020-11-02T07:12:27.487Z", "user": 1, "content_type": 48, "object_id": "2", "object_repr": "Ruleset Nº2", "action_flag": 1, "change_message": "[{\"added\": {}}]"}}, {"model": "admin.logentry", "pk": 40, "fields": {"action_time": "2020-11-02T07:12:29.181Z", "user": 1, "content_type": 47, "object_id": "2", "object_repr": "DVPR4GG5YXGP", "action_flag": 2, "change_message": "[{\"changed\": {\"fields\": [\"Ruleset\"]}}]"}}, {"model": "admin.logentry", "pk": 41, "fields": {"action_time": "2020-11-02T07:44:06.350Z", "user": 1, "content_type": 45, "object_id": "2", "object_repr": "admin", "action_flag": 3, "change_message": ""}}, {"model": "admin.logentry", "pk": 42, "fields": {"action_time": "2020-11-02T07:44:06.625Z", "user": 1, "content_type": 45, "object_id": "1", "object_repr": "admin", "action_flag": 3, "change_message": ""}}, {"model": "admin.logentry", "pk": 43, "fields": {"action_time": "2020-11-02T07:49:04.839Z", "user": 1, "content_type": 46, "object_id": "1", "object_repr": "MaxUsesRule Nº1", "action_flag": 2, "change_message": "[{\"changed\": {\"fields\": [\"Uses per user\"]}}]"}}, {"model": "admin.logentry", "pk": 44, "fields": {"action_time": "2020-11-02T07:49:08.036Z", "user": 1, "content_type": 48, "object_id": "1", "object_repr": "Ruleset Nº1", "action_flag": 2, "change_message": "[]"}}, {"model": "admin.logentry", "pk": 45, "fields": {"action_time": "2020-11-02T07:49:09.375Z", "user": 1, "content_type": 47, "object_id": "1", "object_repr": "3QKY2EXURMYV", "action_flag": 2, "change_message": "[]"}}, {"model": "admin.logentry", "pk": 46, "fields": {"action_time": "2020-11-02T07:49:33.374Z", "user": 1, "content_type": 44, "object_id": "1", "object_repr": "ValidityRule Nº1", "action_flag": 2, "change_message": "[]"}}, {"model": "admin.logentry", "pk": 47, "fields": {"action_time": "2020-11-02T07:49:43.467Z", "user": 1, "content_type": 46, "object_id": "1", "object_repr": "MaxUsesRule Nº1", "action_flag": 2, "change_message": "[{\"changed\": {\"fields\": [\"Uses per user\"]}}]"}}, {"model": "admin.logentry", "pk": 48, "fields": {"action_time": "2020-11-02T07:49:47.256Z", "user": 1, "content_type": 48, "object_id": "1", "object_repr": "Ruleset Nº1", "action_flag": 2, "change_message": "[]"}}, {"model": "admin.logentry", "pk": 49, "fields": {"action_time": "2020-11-02T07:49:49.283Z", "user": 1, "content_type": 47, "object_id": "1", "object_repr": "3QKY2EXURMYV", "action_flag": 2, "change_message": "[]"}}, {"model": "admin.logentry", "pk": 50, "fields": {"action_time": "2020-11-02T07:55:17.860Z", "user": 1, "content_type": 46, "object_id": "2", "object_repr": "MaxUsesRule Nº2", "action_flag": 2, "change_message": "[{\"changed\": {\"fields\": [\"Maximum uses\", \"Infinite uses?\"]}}]"}}, {"model": "admin.logentry", "pk": 51, "fields": {"action_time": "2020-11-02T07:55:27.101Z", "user": 1, "content_type": 48, "object_id": "2", "object_repr": "Ruleset Nº2", "action_flag": 2, "change_message": "[]"}}, {"model": "admin.logentry", "pk": 52, "fields": {"action_time": "2020-11-02T07:55:29.367Z", "user": 1, "content_type": 47, "object_id": "2", "object_repr": "DVPR4GG5YXGP", "action_flag": 2, "change_message": "[]"}}, {"model": "admin.logentry", "pk": 53, "fields": {"action_time": "2020-11-02T08:04:59.166Z", "user": 1, "content_type": 47, "object_id": "3", "object_repr": "9D7O2RR57J2B", "action_flag": 1, "change_message": "[{\"added\": {}}]"}}, {"model": "admin.logentry", "pk": 54, "fields": {"action_time": "2020-11-02T08:08:29.577Z", "user": 1, "content_type": 46, "object_id": "3", "object_repr": "MaxUsesRule Nº3", "action_flag": 1, "change_message": "[{\"added\": {}}]"}}, {"model": "admin.logentry", "pk": 55, "fields": {"action_time": "2020-11-02T08:08:34.354Z", "user": 1, "content_type": 48, "object_id": "3", "object_repr": "Ruleset Nº3", "action_flag": 1, "change_message": "[{\"added\": {}}]"}}, {"model": "admin.logentry", "pk": 56, "fields": {"action_time": "2020-11-02T08:08:36.651Z", "user": 1, "content_type": 47, "object_id": "3", "object_repr": "9D7O2RR57J2B", "action_flag": 2, "change_message": "[{\"changed\": {\"fields\": [\"Ruleset\"]}}]"}}, {"model": "admin.logentry", "pk": 57, "fields": {"action_time": "2020-11-02T08:10:44.179Z", "user": 1, "content_type": 45, "object_id": "8", "object_repr": "admin", "action_flag": 3, "change_message": ""}}, {"model": "admin.logentry", "pk": 58, "fields": {"action_time": "2020-11-02T08:10:44.472Z", "user": 1, "content_type": 45, "object_id": "7", "object_repr": "181001kirill", "action_flag": 3, "change_message": ""}}, {"model": "admin.logentry", "pk": 59, "fields": {"action_time": "2020-11-02T08:10:44.583Z", "user": 1, "content_type": 45, "object_id": "6", "object_repr": "admin", "action_flag": 3, "change_message": ""}}, {"model": "admin.logentry", "pk": 60, "fields": {"action_time": "2020-11-02T08:10:44.694Z", "user": 1, "content_type": 45, "object_id": "5", "object_repr": "181001kirill", "action_flag": 3, "change_message": ""}}, {"model": "admin.logentry", "pk": 61, "fields": {"action_time": "2020-11-02T08:10:44.827Z", "user": 1, "content_type": 45, "object_id": "4", "object_repr": "181001kirill", "action_flag": 3, "change_message": ""}}, {"model": "admin.logentry", "pk": 62, "fields": {"action_time": "2020-11-02T08:10:44.916Z", "user": 1, "content_type": 45, "object_id": "3", "object_repr": "admin", "action_flag": 3, "change_message": ""}}, {"model": "admin.logentry", "pk": 63, "fields": {"action_time": "2020-11-02T08:11:17.537Z", "user": 1, "content_type": 47, "object_id": "3", "object_repr": "9D7O2RR57J2B", "action_flag": 3, "change_message": ""}}, {"model": "admin.logentry", "pk": 64, "fields": {"action_time": "2020-11-02T08:11:17.726Z", "user": 1, "content_type": 47, "object_id": "2", "object_repr": "DVPR4GG5YXGP", "action_flag": 3, "change_message": ""}}, {"model": "admin.logentry", "pk": 65, "fields": {"action_time": "2020-11-02T08:11:17.846Z", "user": 1, "content_type": 47, "object_id": "1", "object_repr": "3QKY2EXURMYV", "action_flag": 3, "change_message": ""}}, {"model": "admin.logentry", "pk": 66, "fields": {"action_time": "2020-11-02T08:11:33.688Z", "user": 1, "content_type": 46, "object_id": "1", "object_repr": "MaxUsesRule Nº1", "action_flag": 2, "change_message": "[{\"changed\": {\"fields\": [\"Uses per user\"]}}]"}}, {"model": "admin.logentry", "pk": 67, "fields": {"action_time": "2020-11-02T08:11:35.985Z", "user": 1, "content_type": 48, "object_id": "1", "object_repr": "Ruleset Nº1", "action_flag": 2, "change_message": "[]"}}, {"model": "admin.logentry", "pk": 68, "fields": {"action_time": "2020-11-02T08:11:40.167Z", "user": 1, "content_type": 47, "object_id": "4", "object_repr": "75LEOGF0IWZL", "action_flag": 1, "change_message": "[{\"added\": {}}]"}}, {"model": "admin.logentry", "pk": 69, "fields": {"action_time": "2020-11-02T08:11:58.081Z", "user": 1, "content_type": 46, "object_id": "2", "object_repr": "MaxUsesRule Nº2", "action_flag": 2, "change_message": "[{\"changed\": {\"fields\": [\"Uses per user\"]}}]"}}, {"model": "admin.logentry", "pk": 70, "fields": {"action_time": "2020-11-02T08:12:00.116Z", "user": 1, "content_type": 48, "object_id": "2", "object_repr": "Ruleset Nº2", "action_flag": 2, "change_message": "[]"}}, {"model": "admin.logentry", "pk": 71, "fields": {"action_time": "2020-11-02T08:12:02.665Z", "user": 1, "content_type": 47, "object_id": "5", "object_repr": "BVP33PCAVF14", "action_flag": 1, "change_message": "[{\"added\": {}}]"}}, {"model": "admin.logentry", "pk": 72, "fields": {"action_time": "2020-11-02T08:12:16.759Z", "user": 1, "content_type": 46, "object_id": "3", "object_repr": "MaxUsesRule Nº3", "action_flag": 2, "change_message": "[{\"changed\": {\"fields\": [\"Uses per user\"]}}]"}}, {"model": "admin.logentry", "pk": 73, "fields": {"action_time": "2020-11-02T08:12:18.502Z", "user": 1, "content_type": 48, "object_id": "3", "object_repr": "Ruleset Nº3", "action_flag": 2, "change_message": "[]"}}, {"model": "admin.logentry", "pk": 74, "fields": {"action_time": "2020-11-02T08:12:19.857Z", "user": 1, "content_type": 47, "object_id": "6", "object_repr": "CUIPLQDSJCUR", "action_flag": 1, "change_message": "[{\"added\": {}}]"}}, {"model": "admin.logentry", "pk": 75, "fields": {"action_time": "2020-11-02T08:57:31.235Z", "user": 1, "content_type": 42, "object_id": "2", "object_repr": "$1000 - Discount", "action_flag": 1, "change_message": "[{\"added\": {}}]"}}, {"model": "admin.logentry", "pk": 76, "fields": {"action_time": "2020-11-02T08:57:44.169Z", "user": 1, "content_type": 47, "object_id": "7", "object_repr": "-1000RUB", "action_flag": 1, "change_message": "[{\"added\": {}}]"}}, {"model": "admin.logentry", "pk": 77, "fields": {"action_time": "2020-11-02T09:17:42.281Z", "user": 1, "content_type": 42, "object_id": "2", "object_repr": "50% - Discount", "action_flag": 2, "change_message": "[{\"changed\": {\"fields\": [\"Value\", \"Is percentage?\"]}}]"}}, {"model": "admin.logentry", "pk": 78, "fields": {"action_time": "2020-11-02T09:17:44.050Z", "user": 1, "content_type": 47, "object_id": "7", "object_repr": "-1000RUB", "action_flag": 2, "change_message": "[]"}}, {"model": "admin.logentry", "pk": 79, "fields": {"action_time": "2020-11-02T09:18:59.497Z", "user": 1, "content_type": 42, "object_id": "2", "object_repr": "$50 - Discount", "action_flag": 2, "change_message": "[{\"changed\": {\"fields\": [\"Is percentage?\"]}}]"}}, {"model": "admin.logentry", "pk": 80, "fields": {"action_time": "2020-11-02T09:19:01.125Z", "user": 1, "content_type": 47, "object_id": "7", "object_repr": "-1000RUB", "action_flag": 2, "change_message": "[]"}}, {"model": "admin.logentry", "pk": 81, "fields": {"action_time": "2020-11-02T09:19:19.936Z", "user": 1, "content_type": 42, "object_id": "2", "object_repr": "50% - Discount", "action_flag": 2, "change_message": "[{\"changed\": {\"fields\": [\"Is percentage?\"]}}]"}}, {"model": "admin.logentry", "pk": 82, "fields": {"action_time": "2020-11-02T09:19:21.175Z", "user": 1, "content_type": 47, "object_id": "7", "object_repr": "-1000RUB", "action_flag": 2, "change_message": "[]"}}, {"model": "admin.logentry", "pk": 83, "fields": {"action_time": "2020-11-02T09:24:25.076Z", "user": 1, "content_type": 21, "object_id": "3", "object_repr": "Order 3", "action_flag": 3, "change_message": ""}}, {"model": "admin.logentry", "pk": 84, "fields": {"action_time": "2020-11-02T09:24:25.302Z", "user": 1, "content_type": 21, "object_id": "4", "object_repr": "Order 4", "action_flag": 3, "change_message": ""}}, {"model": "admin.logentry", "pk": 85, "fields": {"action_time": "2020-11-02T09:24:25.446Z", "user": 1, "content_type": 21, "object_id": "5", "object_repr": "Order 5", "action_flag": 3, "change_message": ""}}, {"model": "admin.logentry", "pk": 86, "fields": {"action_time": "2020-11-02T09:24:25.702Z", "user": 1, "content_type": 21, "object_id": "6", "object_repr": "Order 6", "action_flag": 3, "change_message": ""}}, {"model": "admin.logentry", "pk": 87, "fields": {"action_time": "2020-11-02T09:24:25.802Z", "user": 1, "content_type": 21, "object_id": "7", "object_repr": "Order 7", "action_flag": 3, "change_message": ""}}, {"model": "admin.logentry", "pk": 88, "fields": {"action_time": "2020-11-02T09:24:25.913Z", "user": 1, "content_type": 21, "object_id": "8", "object_repr": "Order 8", "action_flag": 3, "change_message": ""}}, {"model": "admin.logentry", "pk": 89, "fields": {"action_time": "2020-11-02T09:24:26.035Z", "user": 1, "content_type": 21, "object_id": "9", "object_repr": "Order 9", "action_flag": 3, "change_message": ""}}, {"model": "admin.logentry", "pk": 90, "fields": {"action_time": "2020-11-02T09:24:26.146Z", "user": 1, "content_type": 21, "object_id": "10", "object_repr": "Order 10", "action_flag": 3, "change_message": ""}}, {"model": "admin.logentry", "pk": 91, "fields": {"action_time": "2020-11-02T09:24:26.234Z", "user": 1, "content_type": 21, "object_id": "11", "object_repr": "Order 11", "action_flag": 3, "change_message": ""}}, {"model": "admin.logentry", "pk": 92, "fields": {"action_time": "2020-11-02T09:24:26.356Z", "user": 1, "content_type": 21, "object_id": "12", "object_repr": "Order 12", "action_flag": 3, "change_message": ""}}, {"model": "admin.logentry", "pk": 93, "fields": {"action_time": "2020-11-02T09:24:26.589Z", "user": 1, "content_type": 21, "object_id": "13", "object_repr": "Order 13", "action_flag": 3, "change_message": ""}}, {"model": "admin.logentry", "pk": 94, "fields": {"action_time": "2020-11-02T09:24:26.690Z", "user": 1, "content_type": 21, "object_id": "14", "object_repr": "Order 14", "action_flag": 3, "change_message": ""}}, {"model": "admin.logentry", "pk": 95, "fields": {"action_time": "2020-11-02T09:24:26.811Z", "user": 1, "content_type": 21, "object_id": "15", "object_repr": "Order 15", "action_flag": 3, "change_message": ""}}, {"model": "admin.logentry", "pk": 96, "fields": {"action_time": "2020-11-02T09:24:26.922Z", "user": 1, "content_type": 21, "object_id": "16", "object_repr": "Order 16", "action_flag": 3, "change_message": ""}}, {"model": "admin.logentry", "pk": 97, "fields": {"action_time": "2020-11-02T09:24:27.011Z", "user": 1, "content_type": 21, "object_id": "17", "object_repr": "Order 17", "action_flag": 3, "change_message": ""}}, {"model": "admin.logentry", "pk": 98, "fields": {"action_time": "2020-11-02T09:24:27.122Z", "user": 1, "content_type": 21, "object_id": "18", "object_repr": "Order 18", "action_flag": 3, "change_message": ""}}, {"model": "admin.logentry", "pk": 99, "fields": {"action_time": "2020-11-02T10:06:18.757Z", "user": 1, "content_type": 42, "object_id": "2", "object_repr": "$1000 - Discount", "action_flag": 2, "change_message": "[{\"changed\": {\"fields\": [\"Value\", \"Is percentage?\"]}}]"}}, {"model": "admin.logentry", "pk": 100, "fields": {"action_time": "2020-11-02T10:06:20.349Z", "user": 1, "content_type": 47, "object_id": "7", "object_repr": "-1000RUB", "action_flag": 2, "change_message": "[]"}}, {"model": "admin.logentry", "pk": 101, "fields": {"action_time": "2020-11-02T10:33:19.655Z", "user": 1, "content_type": 42, "object_id": "2", "object_repr": "50% - Discount", "action_flag": 2, "change_message": "[{\"changed\": {\"fields\": [\"Value\", \"Is percentage?\"]}}]"}}, {"model": "admin.logentry", "pk": 102, "fields": {"action_time": "2020-11-02T10:33:21.172Z", "user": 1, "content_type": 47, "object_id": "7", "object_repr": "-1000RUB", "action_flag": 2, "change_message": "[]"}}, {"model": "admin.logentry", "pk": 103, "fields": {"action_time": "2020-11-03T12:38:11.278Z", "user": 1, "content_type": 9, "object_id": "2", "object_repr": "sdfsadf", "action_flag": 3, "change_message": ""}}, {"model": "admin.logentry", "pk": 104, "fields": {"action_time": "2020-11-03T12:38:11.402Z", "user": 1, "content_type": 9, "object_id": "1", "object_repr": "Афины", "action_flag": 3, "change_message": ""}}, {"model": "admin.logentry", "pk": 105, "fields": {"action_time": "2020-11-03T12:38:34.017Z", "user": 1, "content_type": 21, "object_id": "1", "object_repr": "Order 1", "action_flag": 3, "change_message": ""}}, {"model": "admin.logentry", "pk": 106, "fields": {"action_time": "2020-11-03T12:38:34.098Z", "user": 1, "content_type": 21, "object_id": "2", "object_repr": "Order 2", "action_flag": 3, "change_message": ""}}, {"model": "admin.logentry", "pk": 107, "fields": {"action_time": "2020-11-03T12:38:34.176Z", "user": 1, "content_type": 21, "object_id": "3", "object_repr": "Order 3", "action_flag": 3, "change_message": ""}}, {"model": "admin.logentry", "pk": 108, "fields": {"action_time": "2020-11-03T12:38:34.270Z", "user": 1, "content_type": 21, "object_id": "4", "object_repr": "Order 4", "action_flag": 3, "change_message": ""}}, {"model": "admin.logentry", "pk": 109, "fields": {"action_time": "2020-11-03T12:38:34.370Z", "user": 1, "content_type": 21, "object_id": "5", "object_repr": "Order 5", "action_flag": 3, "change_message": ""}}, {"model": "admin.logentry", "pk": 110, "fields": {"action_time": "2020-11-03T12:38:34.470Z", "user": 1, "content_type": 21, "object_id": "6", "object_repr": "Order 6", "action_flag": 3, "change_message": ""}}, {"model": "admin.logentry", "pk": 111, "fields": {"action_time": "2020-11-03T12:38:34.581Z", "user": 1, "content_type": 21, "object_id": "7", "object_repr": "Order 7", "action_flag": 3, "change_message": ""}}, {"model": "admin.logentry", "pk": 112, "fields": {"action_time": "2020-11-03T12:38:34.663Z", "user": 1, "content_type": 21, "object_id": "8", "object_repr": "Order 8", "action_flag": 3, "change_message": ""}}, {"model": "admin.logentry", "pk": 113, "fields": {"action_time": "2020-11-03T12:38:34.730Z", "user": 1, "content_type": 21, "object_id": "9", "object_repr": "Order 9", "action_flag": 3, "change_message": ""}}, {"model": "admin.logentry", "pk": 114, "fields": {"action_time": "2020-11-03T12:38:34.825Z", "user": 1, "content_type": 21, "object_id": "10", "object_repr": "Order 10", "action_flag": 3, "change_message": ""}}, {"model": "admin.logentry", "pk": 115, "fields": {"action_time": "2020-11-03T12:38:34.936Z", "user": 1, "content_type": 21, "object_id": "11", "object_repr": "Order 11", "action_flag": 3, "change_message": ""}}, {"model": "admin.logentry", "pk": 116, "fields": {"action_time": "2020-11-03T12:38:35.047Z", "user": 1, "content_type": 21, "object_id": "12", "object_repr": "Order 12", "action_flag": 3, "change_message": ""}}, {"model": "admin.logentry", "pk": 117, "fields": {"action_time": "2020-11-03T12:38:35.129Z", "user": 1, "content_type": 21, "object_id": "13", "object_repr": "Order 13", "action_flag": 3, "change_message": ""}}, {"model": "admin.logentry", "pk": 118, "fields": {"action_time": "2020-11-03T12:38:35.224Z", "user": 1, "content_type": 21, "object_id": "14", "object_repr": "Order 14", "action_flag": 3, "change_message": ""}}, {"model": "admin.logentry", "pk": 119, "fields": {"action_time": "2020-11-03T12:38:35.507Z", "user": 1, "content_type": 21, "object_id": "15", "object_repr": "Order 15", "action_flag": 3, "change_message": ""}}, {"model": "admin.logentry", "pk": 120, "fields": {"action_time": "2020-11-03T12:38:35.585Z", "user": 1, "content_type": 21, "object_id": "16", "object_repr": "Order 16", "action_flag": 3, "change_message": ""}}, {"model": "admin.logentry", "pk": 121, "fields": {"action_time": "2020-11-03T12:38:35.679Z", "user": 1, "content_type": 21, "object_id": "17", "object_repr": "Order 17", "action_flag": 3, "change_message": ""}}, {"model": "admin.logentry", "pk": 122, "fields": {"action_time": "2020-11-03T12:38:35.768Z", "user": 1, "content_type": 21, "object_id": "18", "object_repr": "Order 18", "action_flag": 3, "change_message": ""}}, {"model": "admin.logentry", "pk": 123, "fields": {"action_time": "2020-11-03T12:38:35.905Z", "user": 1, "content_type": 21, "object_id": "19", "object_repr": "Order 19", "action_flag": 3, "change_message": ""}}, {"model": "admin.logentry", "pk": 124, "fields": {"action_time": "2020-11-03T12:38:36.078Z", "user": 1, "content_type": 21, "object_id": "20", "object_repr": "Order 20", "action_flag": 3, "change_message": ""}}, {"model": "admin.logentry", "pk": 125, "fields": {"action_time": "2020-11-03T12:38:36.177Z", "user": 1, "content_type": 21, "object_id": "21", "object_repr": "Order 21", "action_flag": 3, "change_message": ""}}, {"model": "admin.logentry", "pk": 126, "fields": {"action_time": "2020-11-03T12:38:36.289Z", "user": 1, "content_type": 21, "object_id": "22", "object_repr": "Order 22", "action_flag": 3, "change_message": ""}}, {"model": "admin.logentry", "pk": 127, "fields": {"action_time": "2020-11-03T12:38:36.372Z", "user": 1, "content_type": 21, "object_id": "23", "object_repr": "Order 23", "action_flag": 3, "change_message": ""}}, {"model": "admin.logentry", "pk": 128, "fields": {"action_time": "2020-11-03T12:38:36.477Z", "user": 1, "content_type": 21, "object_id": "24", "object_repr": "Order 24", "action_flag": 3, "change_message": ""}}, {"model": "admin.logentry", "pk": 129, "fields": {"action_time": "2020-11-03T12:38:36.561Z", "user": 1, "content_type": 21, "object_id": "25", "object_repr": "Order 25", "action_flag": 3, "change_message": ""}}, {"model": "admin.logentry", "pk": 130, "fields": {"action_time": "2020-11-03T12:38:36.654Z", "user": 1, "content_type": 21, "object_id": "26", "object_repr": "Order 26", "action_flag": 3, "change_message": ""}}, {"model": "admin.logentry", "pk": 131, "fields": {"action_time": "2020-11-03T12:38:36.749Z", "user": 1, "content_type": 21, "object_id": "27", "object_repr": "Order 27", "action_flag": 3, "change_message": ""}}, {"model": "admin.logentry", "pk": 132, "fields": {"action_time": "2020-11-03T12:38:36.860Z", "user": 1, "content_type": 21, "object_id": "28", "object_repr": "Order 28", "action_flag": 3, "change_message": ""}}, {"model": "admin.logentry", "pk": 133, "fields": {"action_time": "2020-11-03T12:38:36.960Z", "user": 1, "content_type": 21, "object_id": "29", "object_repr": "Order 29", "action_flag": 3, "change_message": ""}}, {"model": "admin.logentry", "pk": 134, "fields": {"action_time": "2020-11-03T12:38:37.066Z", "user": 1, "content_type": 21, "object_id": "30", "object_repr": "Order 30", "action_flag": 3, "change_message": ""}}, {"model": "admin.logentry", "pk": 135, "fields": {"action_time": "2020-11-03T12:38:51.662Z", "user": 1, "content_type": 16, "object_id": "1", "object_repr": "до 9 лет", "action_flag": 3, "change_message": ""}}, {"model": "admin.logentry", "pk": 136, "fields": {"action_time": "2020-11-03T12:39:08.059Z", "user": 1, "content_type": 8, "object_id": "1", "object_repr": "Платья", "action_flag": 3, "change_message": ""}}, {"model": "admin.logentry", "pk": 137, "fields": {"action_time": "2020-11-03T12:39:20.404Z", "user": 1, "content_type": 14, "object_id": "1", "object_repr": "Хлопок 100%", "action_flag": 3, "change_message": ""}}, {"model": "admin.logentry", "pk": 138, "fields": {"action_time": "2020-11-03T12:39:31.487Z", "user": 1, "content_type": 15, "object_id": "1", "object_repr": "Крутая модель", "action_flag": 3, "change_message": ""}}, {"model": "admin.logentry", "pk": 139, "fields": {"action_time": "2020-11-03T12:47:23.626Z", "user": 1, "content_type": 8, "object_id": "2", "object_repr": "Платья", "action_flag": 1, "change_message": "[{\"added\": {}}]"}}, {"model": "admin.logentry", "pk": 140, "fields": {"action_time": "2020-11-03T12:50:54.428Z", "user": 1, "content_type": 15, "object_id": "2", "object_repr": "LR-001", "action_flag": 1, "change_message": "[{\"added\": {}}]"}}, {"model": "admin.logentry", "pk": 141, "fields": {"action_time": "2020-11-03T12:51:46.229Z", "user": 1, "content_type": 14, "object_id": "2", "object_repr": "Хлопок", "action_flag": 1, "change_message": "[{\"added\": {}}]"}}, {"model": "admin.logentry", "pk": 142, "fields": {"action_time": "2020-11-03T12:53:07.541Z", "user": 1, "content_type": 16, "object_id": "2", "object_repr": "Family look", "action_flag": 1, "change_message": "[{\"added\": {}}]"}}, {"model": "admin.logentry", "pk": 143, "fields": {"action_time": "2020-11-03T12:56:19.166Z", "user": 1, "content_type": 9, "object_id": "3", "object_repr": "Пастила Family look", "action_flag": 1, "change_message": "[{\"added\": {}}, {\"added\": {\"name\": \"\\u0441\\u0435\\u0442 \\u0442\\u043e\\u0432\\u0430\\u0440\\u0430\", \"object\": \"\\u0421\\u0435\\u0442 \\u041f\\u0430\\u0441\\u0442\\u0438\\u043b\\u0430 Family look 50-56 5000\"}}, {\"added\": {\"name\": \"\\u0441\\u0435\\u0442 \\u0442\\u043e\\u0432\\u0430\\u0440\\u0430\", \"object\": \"\\u0421\\u0435\\u0442 \\u041f\\u0430\\u0441\\u0442\\u0438\\u043b\\u0430 Family look 62-80 5000\"}}, {\"added\": {\"name\": \"\\u0441\\u0435\\u0442 \\u0442\\u043e\\u0432\\u0430\\u0440\\u0430\", \"object\": \"\\u0421\\u0435\\u0442 \\u041f\\u0430\\u0441\\u0442\\u0438\\u043b\\u0430 Family look 86-104 5000\"}}, {\"added\": {\"name\": \"\\u0441\\u0435\\u0442 \\u0442\\u043e\\u0432\\u0430\\u0440\\u0430\", \"object\": \"\\u0421\\u0435\\u0442 \\u041f\\u0430\\u0441\\u0442\\u0438\\u043b\\u0430 Family look 108-122 5000\"}}, {\"added\": {\"name\": \"\\u0444\\u043e\\u0442\\u043e \\u0442\\u043e\\u0432\\u0430\\u0440\\u0430\", \"object\": \"Gallery object (8)\"}}, {\"added\": {\"name\": \"\\u0444\\u043e\\u0442\\u043e \\u0442\\u043e\\u0432\\u0430\\u0440\\u0430\", \"object\": \"Gallery object (9)\"}}, {\"added\": {\"name\": \"\\u0444\\u043e\\u0442\\u043e \\u0442\\u043e\\u0432\\u0430\\u0440\\u0430\", \"object\": \"Gallery object (10)\"}}]"}}, {"model": "admin.logentry", "pk": 144, "fields": {"action_time": "2020-11-03T13:28:19.367Z", "user": 1, "content_type": 15, "object_id": "3", "object_repr": "MCP-012", "action_flag": 1, "change_message": "[{\"added\": {}}]"}}, {"model": "admin.logentry", "pk": 145, "fields": {"action_time": "2020-11-03T13:30:27.863Z", "user": 1, "content_type": 16, "object_id": "3", "object_repr": "до 3х лет", "action_flag": 1, "change_message": "[{\"added\": {}}]"}}, {"model": "admin.logentry", "pk": 146, "fields": {"action_time": "2020-11-03T13:30:42.424Z", "user": 1, "content_type": 16, "object_id": "4", "object_repr": "до 12 лет", "action_flag": 1, "change_message": "[{\"added\": {}}]"}}, {"model": "admin.logentry", "pk": 147, "fields": {"action_time": "2020-11-03T13:32:28.491Z", "user": 1, "content_type": 9, "object_id": "4", "object_repr": "Джелато", "action_flag": 1, "change_message": "[{\"added\": {}}, {\"added\": {\"name\": \"\\u0441\\u0435\\u0442 \\u0442\\u043e\\u0432\\u0430\\u0440\\u0430\", \"object\": \"\\u0421\\u0435\\u0442 \\u0414\\u0436\\u0435\\u043b\\u0430\\u0442\\u043e 50-56 700\"}}, {\"added\": {\"name\": \"\\u0441\\u0435\\u0442 \\u0442\\u043e\\u0432\\u0430\\u0440\\u0430\", \"object\": \"\\u0421\\u0435\\u0442 \\u0414\\u0436\\u0435\\u043b\\u0430\\u0442\\u043e 62-80 800\"}}, {\"added\": {\"name\": \"\\u0441\\u0435\\u0442 \\u0442\\u043e\\u0432\\u0430\\u0440\\u0430\", \"object\": \"\\u0421\\u0435\\u0442 \\u0414\\u0436\\u0435\\u043b\\u0430\\u0442\\u043e 86-104 900\"}}, {\"added\": {\"name\": \"\\u0441\\u0435\\u0442 \\u0442\\u043e\\u0432\\u0430\\u0440\\u0430\", \"object\": \"\\u0421\\u0435\\u0442 \\u0414\\u0436\\u0435\\u043b\\u0430\\u0442\\u043e 108-122 1000\"}}, {\"added\": {\"name\": \"\\u0444\\u043e\\u0442\\u043e \\u0442\\u043e\\u0432\\u0430\\u0440\\u0430\", \"object\": \"Gallery object (11)\"}}, {\"added\": {\"name\": \"\\u0444\\u043e\\u0442\\u043e \\u0442\\u043e\\u0432\\u0430\\u0440\\u0430\", \"object\": \"Gallery object (12)\"}}]"}}, {"model": "admin.logentry", "pk": 148, "fields": {"action_time": "2020-11-03T13:34:06.744Z", "user": 1, "content_type": 15, "object_id": "4", "object_repr": "MMW-119", "action_flag": 1, "change_message": "[{\"added\": {}}]"}}, {"model": "admin.logentry", "pk": 149, "fields": {"action_time": "2020-11-03T13:36:51.012Z", "user": 1, "content_type": 9, "object_id": "5", "object_repr": "Ириска", "action_flag": 1, "change_message": "[{\"added\": {}}, {\"added\": {\"name\": \"\\u0441\\u0435\\u0442 \\u0442\\u043e\\u0432\\u0430\\u0440\\u0430\", \"object\": \"\\u0421\\u0435\\u0442 \\u0418\\u0440\\u0438\\u0441\\u043a\\u0430 50-56 1300\"}}, {\"added\": {\"name\": \"\\u0441\\u0435\\u0442 \\u0442\\u043e\\u0432\\u0430\\u0440\\u0430\", \"object\": \"\\u0421\\u0435\\u0442 \\u0418\\u0440\\u0438\\u0441\\u043a\\u0430 62-80 1500\"}}, {\"added\": {\"name\": \"\\u0441\\u0435\\u0442 \\u0442\\u043e\\u0432\\u0430\\u0440\\u0430\", \"object\": \"\\u0421\\u0435\\u0442 \\u0418\\u0440\\u0438\\u0441\\u043a\\u0430 86-104 1700\"}}, {\"added\": {\"name\": \"\\u0441\\u0435\\u0442 \\u0442\\u043e\\u0432\\u0430\\u0440\\u0430\", \"object\": \"\\u0421\\u0435\\u0442 \\u0418\\u0440\\u0438\\u0441\\u043a\\u0430 108-122 1900\"}}, {\"added\": {\"name\": \"\\u0444\\u043e\\u0442\\u043e \\u0442\\u043e\\u0432\\u0430\\u0440\\u0430\", \"object\": \"Gallery object (13)\"}}, {\"added\": {\"name\": \"\\u0444\\u043e\\u0442\\u043e \\u0442\\u043e\\u0432\\u0430\\u0440\\u0430\", \"object\": \"Gallery object (14)\"}}, {\"added\": {\"name\": \"\\u0444\\u043e\\u0442\\u043e \\u0442\\u043e\\u0432\\u0430\\u0440\\u0430\", \"object\": \"Gallery object (15)\"}}, {\"added\": {\"name\": \"\\u0444\\u043e\\u0442\\u043e \\u0442\\u043e\\u0432\\u0430\\u0440\\u0430\", \"object\": \"Gallery object (16)\"}}]"}}, {"model": "admin.logentry", "pk": 150, "fields": {"action_time": "2020-11-03T13:41:32.527Z", "user": 1, "content_type": 15, "object_id": "5", "object_repr": "PLS-002", "action_flag": 1, "change_message": "[{\"added\": {}}]"}}, {"model": "admin.logentry", "pk": 151, "fields": {"action_time": "2020-11-03T13:44:26.929Z", "user": 1, "content_type": 9, "object_id": "6", "object_repr": "Карамелька", "action_flag": 1, "change_message": "[{\"added\": {}}, {\"added\": {\"name\": \"\\u0441\\u0435\\u0442 \\u0442\\u043e\\u0432\\u0430\\u0440\\u0430\", \"object\": \"\\u0421\\u0435\\u0442 \\u041a\\u0430\\u0440\\u0430\\u043c\\u0435\\u043b\\u044c\\u043a\\u0430 50-56 1900\"}}, {\"added\": {\"name\": \"\\u0441\\u0435\\u0442 \\u0442\\u043e\\u0432\\u0430\\u0440\\u0430\", \"object\": \"\\u0421\\u0435\\u0442 \\u041a\\u0430\\u0440\\u0430\\u043c\\u0435\\u043b\\u044c\\u043a\\u0430 62-80 2100\"}}, {\"added\": {\"name\": \"\\u0441\\u0435\\u0442 \\u0442\\u043e\\u0432\\u0430\\u0440\\u0430\", \"object\": \"\\u0421\\u0435\\u0442 \\u041a\\u0430\\u0440\\u0430\\u043c\\u0435\\u043b\\u044c\\u043a\\u0430 86-104 2300\"}}, {\"added\": {\"name\": \"\\u0441\\u0435\\u0442 \\u0442\\u043e\\u0432\\u0430\\u0440\\u0430\", \"object\": \"\\u0421\\u0435\\u0442 \\u041a\\u0430\\u0440\\u0430\\u043c\\u0435\\u043b\\u044c\\u043a\\u0430 108-122 2500\"}}, {\"added\": {\"name\": \"\\u0444\\u043e\\u0442\\u043e \\u0442\\u043e\\u0432\\u0430\\u0440\\u0430\", \"object\": \"Gallery object (17)\"}}, {\"added\": {\"name\": \"\\u0444\\u043e\\u0442\\u043e \\u0442\\u043e\\u0432\\u0430\\u0440\\u0430\", \"object\": \"Gallery object (18)\"}}, {\"added\": {\"name\": \"\\u0444\\u043e\\u0442\\u043e \\u0442\\u043e\\u0432\\u0430\\u0440\\u0430\", \"object\": \"Gallery object (19)\"}}, {\"added\": {\"name\": \"\\u0444\\u043e\\u0442\\u043e \\u0442\\u043e\\u0432\\u0430\\u0440\\u0430\", \"object\": \"Gallery object (20)\"}}]"}}, {"model": "admin.logentry", "pk": 152, "fields": {"action_time": "2020-11-03T13:45:33.533Z", "user": 1, "content_type": 9, "object_id": "6", "object_repr": "Карамелька", "action_flag": 2, "change_message": "[{\"changed\": {\"fields\": [\"\\u041e\\u043f\\u0438\\u0441\\u0430\\u043d\\u0438\\u0435\"]}}]"}}, {"model": "admin.logentry", "pk": 153, "fields": {"action_time": "2020-11-03T13:50:21.469Z", "user": 1, "content_type": 15, "object_id": "6", "object_repr": "NRE-102", "action_flag": 1, "change_message": "[{\"added\": {}}]"}}, {"model": "admin.logentry", "pk": 154, "fields": {"action_time": "2020-11-03T13:52:37.928Z", "user": 1, "content_type": 9, "object_id": "7", "object_repr": "Кексик", "action_flag": 1, "change_message": "[{\"added\": {}}, {\"added\": {\"name\": \"\\u0441\\u0435\\u0442 \\u0442\\u043e\\u0432\\u0430\\u0440\\u0430\", \"object\": \"\\u0421\\u0435\\u0442 \\u041a\\u0435\\u043a\\u0441\\u0438\\u043a 50-56 1600\"}}, {\"added\": {\"name\": \"\\u0441\\u0435\\u0442 \\u0442\\u043e\\u0432\\u0430\\u0440\\u0430\", \"object\": \"\\u0421\\u0435\\u0442 \\u041a\\u0435\\u043a\\u0441\\u0438\\u043a 62-80 1800\"}}, {\"added\": {\"name\": \"\\u0441\\u0435\\u0442 \\u0442\\u043e\\u0432\\u0430\\u0440\\u0430\", \"object\": \"\\u0421\\u0435\\u0442 \\u041a\\u0435\\u043a\\u0441\\u0438\\u043a 86-104 2000\"}}, {\"added\": {\"name\": \"\\u0441\\u0435\\u0442 \\u0442\\u043e\\u0432\\u0430\\u0440\\u0430\", \"object\": \"\\u0421\\u0435\\u0442 \\u041a\\u0435\\u043a\\u0441\\u0438\\u043a 108-122 2200\"}}, {\"added\": {\"name\": \"\\u0444\\u043e\\u0442\\u043e \\u0442\\u043e\\u0432\\u0430\\u0440\\u0430\", \"object\": \"Gallery object (21)\"}}, {\"added\": {\"name\": \"\\u0444\\u043e\\u0442\\u043e \\u0442\\u043e\\u0432\\u0430\\u0440\\u0430\", \"object\": \"Gallery object (22)\"}}, {\"added\": {\"name\": \"\\u0444\\u043e\\u0442\\u043e \\u0442\\u043e\\u0432\\u0430\\u0440\\u0430\", \"object\": \"Gallery object (23)\"}}, {\"added\": {\"name\": \"\\u0444\\u043e\\u0442\\u043e \\u0442\\u043e\\u0432\\u0430\\u0440\\u0430\", \"object\": \"Gallery object (24)\"}}]"}}, {"model": "admin.logentry", "pk": 155, "fields": {"action_time": "2020-11-03T13:54:38.367Z", "user": 1, "content_type": 15, "object_id": "7", "object_repr": "BLR-201", "action_flag": 1, "change_message": "[{\"added\": {}}]"}}, {"model": "admin.logentry", "pk": 156, "fields": {"action_time": "2020-11-03T13:57:49.110Z", "user": 1, "content_type": 9, "object_id": "8", "object_repr": "Клубника", "action_flag": 1, "change_message": "[{\"added\": {}}, {\"added\": {\"name\": \"\\u0441\\u0435\\u0442 \\u0442\\u043e\\u0432\\u0430\\u0440\\u0430\", \"object\": \"\\u0421\\u0435\\u0442 \\u041a\\u043b\\u0443\\u0431\\u043d\\u0438\\u043a\\u0430 50-56 1400\"}}, {\"added\": {\"name\": \"\\u0441\\u0435\\u0442 \\u0442\\u043e\\u0432\\u0430\\u0440\\u0430\", \"object\": \"\\u0421\\u0435\\u0442 \\u041a\\u043b\\u0443\\u0431\\u043d\\u0438\\u043a\\u0430 62-80 1400\"}}, {\"added\": {\"name\": \"\\u0441\\u0435\\u0442 \\u0442\\u043e\\u0432\\u0430\\u0440\\u0430\", \"object\": \"\\u0421\\u0435\\u0442 \\u041a\\u043b\\u0443\\u0431\\u043d\\u0438\\u043a\\u0430 86-104 1400\"}}, {\"added\": {\"name\": \"\\u0441\\u0435\\u0442 \\u0442\\u043e\\u0432\\u0430\\u0440\\u0430\", \"object\": \"\\u0421\\u0435\\u0442 \\u041a\\u043b\\u0443\\u0431\\u043d\\u0438\\u043a\\u0430 108-122 1400\"}}, {\"added\": {\"name\": \"\\u0444\\u043e\\u0442\\u043e \\u0442\\u043e\\u0432\\u0430\\u0440\\u0430\", \"object\": \"Gallery object (25)\"}}, {\"added\": {\"name\": \"\\u0444\\u043e\\u0442\\u043e \\u0442\\u043e\\u0432\\u0430\\u0440\\u0430\", \"object\": \"Gallery object (26)\"}}, {\"added\": {\"name\": \"\\u0444\\u043e\\u0442\\u043e \\u0442\\u043e\\u0432\\u0430\\u0440\\u0430\", \"object\": \"Gallery object (27)\"}}]"}}, {"model": "admin.logentry", "pk": 157, "fields": {"action_time": "2020-11-03T15:55:34.298Z", "user": 1, "content_type": 28, "object_id": "1", "object_repr": "main", "action_flag": 3, "change_message": ""}}, {"model": "admin.logentry", "pk": 158, "fields": {"action_time": "2020-11-03T15:56:22.885Z", "user": 1, "content_type": 28, "object_id": "2", "object_repr": "Красное в горошек", "action_flag": 1, "change_message": "[{\"added\": {}}]"}}, {"model": "admin.logentry", "pk": 159, "fields": {"action_time": "2020-11-03T15:58:11.710Z", "user": 1, "content_type": 33, "object_id": "1", "object_repr": "example", "action_flag": 1, "change_message": "[{\"added\": {}}]"}}, {"model": "admin.logentry", "pk": 160, "fields": {"action_time": "2020-11-03T16:00:45.387Z", "user": 1, "content_type": 31, "object_id": "1", "object_repr": "тест", "action_flag": 1, "change_message": "[{\"added\": {}}, {\"added\": {\"name\": \"top products\", \"object\": \"TopProducts object (1)\"}}, {\"added\": {\"name\": \"top products\", \"object\": \"TopProducts object (2)\"}}, {\"added\": {\"name\": \"top products\", \"object\": \"TopProducts object (3)\"}}]"}}, {"model": "admin.logentry", "pk": 161, "fields": {"action_time": "2020-11-03T16:01:28.261Z", "user": 1, "content_type": 29, "object_id": "1", "object_repr": "dfsdfsdf", "action_flag": 1, "change_message": "[{\"added\": {}}]"}}, {"model": "admin.logentry", "pk": 162, "fields": {"action_time": "2020-11-03T16:02:10.356Z", "user": 1, "content_type": 30, "object_id": "1", "object_repr": "аваы", "action_flag": 1, "change_message": "[{\"added\": {}}]"}}, {"model": "admin.logentry", "pk": 163, "fields": {"action_time": "2020-11-03T16:02:31.039Z", "user": 1, "content_type": 34, "object_id": "1", "object_repr": "акция", "action_flag": 1, "change_message": "[{\"added\": {}}, {\"added\": {\"name\": \"\\u043f\\u0440\\u043e\\u043c\\u043e \\u0442\\u043e\\u0432\\u0430\\u0440\", \"object\": \"PromoProduct object (1)\"}}, {\"added\": {\"name\": \"\\u043f\\u0440\\u043e\\u043c\\u043e \\u0442\\u043e\\u0432\\u0430\\u0440\", \"object\": \"PromoProduct object (2)\"}}, {\"added\": {\"name\": \"\\u043f\\u0440\\u043e\\u043c\\u043e \\u0442\\u043e\\u0432\\u0430\\u0440\", \"object\": \"PromoProduct object (3)\"}}]"}}, {"model": "admin.logentry", "pk": 164, "fields": {"action_time": "2020-11-03T16:02:49.739Z", "user": 1, "content_type": 34, "object_id": "1", "object_repr": "акция", "action_flag": 2, "change_message": "[{\"changed\": {\"fields\": [\"\\u0413\\u043b\\u0430\\u0432\\u043d\\u044b\\u0439\"]}}]"}}, {"model": "admin.logentry", "pk": 165, "fields": {"action_time": "2020-11-04T07:01:40.865Z", "user": 1, "content_type": 26, "object_id": "2", "object_repr": "<p>Как дела<str...", "action_flag": 1, "change_message": "[{\"added\": {}}]"}}, {"model": "admin.logentry", "pk": 166, "fields": {"action_time": "2020-11-04T07:11:11.638Z", "user": 1, "content_type": 26, "object_id": "2", "object_repr": "<h1><s><strong>...", "action_flag": 2, "change_message": "[{\"changed\": {\"fields\": [\"\\u0412\\u043e\\u043f\\u0440\\u043e\\u0441\"]}}]"}}, {"model": "admin.logentry", "pk": 167, "fields": {"action_time": "2020-11-04T07:13:31.830Z", "user": 1, "content_type": 26, "object_id": "2", "object_repr": "<h1><a href=\"ht...", "action_flag": 2, "change_message": "[{\"changed\": {\"fields\": [\"\\u0412\\u043e\\u043f\\u0440\\u043e\\u0441\"]}}]"}}, {"model": "admin.logentry", "pk": 168, "fields": {"action_time": "2020-11-04T07:15:08.899Z", "user": 1, "content_type": 26, "object_id": "2", "object_repr": "<h1><a href=\"#с...", "action_flag": 2, "change_message": "[{\"changed\": {\"fields\": [\"\\u0412\\u043e\\u043f\\u0440\\u043e\\u0441\"]}}]"}}, {"model": "admin.logentry", "pk": 169, "fields": {"action_time": "2020-11-04T07:23:55.441Z", "user": 1, "content_type": 26, "object_id": "2", "object_repr": "<h1><a href=\"#с...", "action_flag": 3, "change_message": ""}}, {"model": "admin.logentry", "pk": 170, "fields": {"action_time": "2020-11-04T07:51:37.372Z", "user": 1, "content_type": 50, "object_id": "1", "object_repr": "Доставка", "action_flag": 1, "change_message": "[{\"added\": {}}]"}}, {"model": "admin.logentry", "pk": 171, "fields": {"action_time": "2020-11-04T08:01:34.847Z", "user": 1, "content_type": 50, "object_id": "1", "object_repr": "Доставка", "action_flag": 2, "change_message": "[{\"changed\": {\"fields\": [\"\\u041a\\u043e\\u043d\\u0442\\u0435\\u043d\\u0442\"]}}]"}}, {"model": "admin.logentry", "pk": 172, "fields": {"action_time": "2020-11-04T08:06:37.616Z", "user": 1, "content_type": 51, "object_id": "1", "object_repr": "Помощь", "action_flag": 1, "change_message": "[{\"added\": {}}]"}}, {"model": "admin.logentry", "pk": 173, "fields": {"action_time": "2020-11-04T08:07:11.566Z", "user": 1, "content_type": 51, "object_id": "1", "object_repr": "Помощь", "action_flag": 2, "change_message": "[{\"changed\": {\"fields\": [\"\\u041a\\u043e\\u043d\\u0442\\u0435\\u043d\\u0442\"]}}]"}}, {"model": "admin.logentry", "pk": 174, "fields": {"action_time": "2020-11-04T08:08:15.097Z", "user": 1, "content_type": 51, "object_id": "1", "object_repr": "Помощь", "action_flag": 2, "change_message": "[{\"changed\": {\"fields\": [\"\\u041a\\u043e\\u043d\\u0442\\u0435\\u043d\\u0442\"]}}]"}}, {"model": "admin.logentry", "pk": 175, "fields": {"action_time": "2020-11-04T08:13:06.157Z", "user": 1, "content_type": 52, "object_id": "1", "object_repr": "Политика Конфиденциальности", "action_flag": 1, "change_message": "[{\"added\": {}}]"}}, {"model": "admin.logentry", "pk": 176, "fields": {"action_time": "2020-11-04T08:17:38.879Z", "user": 1, "content_type": 49, "object_id": "1", "object_repr": "О нас", "action_flag": 1, "change_message": "[{\"added\": {}}]"}}, {"model": "admin.logentry", "pk": 177, "fields": {"action_time": "2020-11-04T08:19:52.614Z", "user": 1, "content_type": 49, "object_id": "1", "object_repr": "О нас", "action_flag": 2, "change_message": "[{\"changed\": {\"fields\": [\"\\u041a\\u043e\\u043d\\u0442\\u0435\\u043d\\u0442\"]}}]"}}, {"model": "admin.logentry", "pk": 178, "fields": {"action_time": "2020-11-04T08:21:37.069Z", "user": 1, "content_type": 49, "object_id": "1", "object_repr": "О нас", "action_flag": 2, "change_message": "[{\"changed\": {\"fields\": [\"\\u041a\\u043e\\u043d\\u0442\\u0435\\u043d\\u0442\"]}}]"}}, {"model": "admin.logentry", "pk": 179, "fields": {"action_time": "2020-11-05T10:00:04.773Z", "user": 1, "content_type": 43, "object_id": "1", "object_repr": "Правило разрешений Nº1", "action_flag": 2, "change_message": "[]"}}, {"model": "admin.logentry", "pk": 180, "fields": {"action_time": "2020-11-05T10:00:28.863Z", "user": 1, "content_type": 46, "object_id": "3", "object_repr": "Правило использований Nº3", "action_flag": 2, "change_message": "[]"}}, {"model": "admin.logentry", "pk": 181, "fields": {"action_time": "2020-11-05T10:00:45.461Z", "user": 1, "content_type": 48, "object_id": "3", "object_repr": "Сет правил Nº3", "action_flag": 2, "change_message": "[]"}}, {"model": "admin.logentry", "pk": 182, "fields": {"action_time": "2020-11-05T10:06:38.605Z", "user": 1, "content_type": 4, "object_id": "3", "object_repr": "staff", "action_flag": 1, "change_message": "[{\"added\": {}}]"}}, {"model": "admin.logentry", "pk": 183, "fields": {"action_time": "2020-11-05T10:07:14.818Z", "user": 1, "content_type": 4, "object_id": "3", "object_repr": "staff", "action_flag": 2, "change_message": "[{\"changed\": {\"fields\": [\"First name\", \"Staff status\", \"Last login\"]}}]"}}, {"model": "admin.logentry", "pk": 184, "fields": {"action_time": "2020-11-05T10:10:07.499Z", "user": 1, "content_type": 3, "object_id": "1", "object_repr": "staff", "action_flag": 1, "change_message": "[{\"added\": {}}]"}}, {"model": "admin.logentry", "pk": 185, "fields": {"action_time": "2020-11-05T10:10:27.057Z", "user": 1, "content_type": 4, "object_id": "3", "object_repr": "staff", "action_flag": 2, "change_message": "[{\"changed\": {\"fields\": [\"Groups\"]}}]"}}, {"model": "admin.logentry", "pk": 186, "fields": {"action_time": "2020-11-08T10:50:07.578Z", "user": 1, "content_type": 33, "object_id": "1", "object_repr": "example", "action_flag": 2, "change_message": "[{\"changed\": {\"fields\": [\"\\u0424\\u043e\\u0442\\u043e \\u043a\\u0430\\u0442\\u0435\\u0433\\u043e\\u0440\\u0438\\u0438\"]}}]"}}, {"model": "admin.logentry", "pk": 187, "fields": {"action_time": "2020-11-08T10:50:10.796Z", "user": 1, "content_type": 34, "object_id": "1", "object_repr": "акция", "action_flag": 2, "change_message": "[]"}}, {"model": "admin.logentry", "pk": 188, "fields": {"action_time": "2020-11-08T10:54:31.681Z", "user": 1, "content_type": 33, "object_id": "1", "object_repr": "example", "action_flag": 2, "change_message": "[{\"changed\": {\"fields\": [\"\\u0424\\u043e\\u0442\\u043e \\u043a\\u0430\\u0442\\u0435\\u0433\\u043e\\u0440\\u0438\\u0438\"]}}]"}}, {"model": "admin.logentry", "pk": 189, "fields": {"action_time": "2020-11-08T10:54:35.789Z", "user": 1, "content_type": 34, "object_id": "1", "object_repr": "акция", "action_flag": 2, "change_message": "[]"}}, {"model": "admin.logentry", "pk": 190, "fields": {"action_time": "2020-11-08T11:25:47.575Z", "user": 1, "content_type": 9, "object_id": "3", "object_repr": "Пастила Family look", "action_flag": 2, "change_message": "[{\"changed\": {\"name\": \"\\u0444\\u043e\\u0442\\u043e \\u0442\\u043e\\u0432\\u0430\\u0440\\u0430\", \"object\": \"Gallery object (8)\", \"fields\": [\"\\u0424\\u043e\\u0442\\u043e\"]}}]"}}, {"model": "admin.logentry", "pk": 191, "fields": {"action_time": "2020-11-08T11:26:04.537Z", "user": 1, "content_type": 9, "object_id": "4", "object_repr": "Джелато", "action_flag": 2, "change_message": "[{\"changed\": {\"name\": \"\\u0444\\u043e\\u0442\\u043e \\u0442\\u043e\\u0432\\u0430\\u0440\\u0430\", \"object\": \"Gallery object (11)\", \"fields\": [\"\\u0424\\u043e\\u0442\\u043e\"]}}]"}}, {"model": "admin.logentry", "pk": 192, "fields": {"action_time": "2020-11-08T11:26:26.274Z", "user": 1, "content_type": 9, "object_id": "5", "object_repr": "Ириска", "action_flag": 2, "change_message": "[{\"changed\": {\"name\": \"\\u0444\\u043e\\u0442\\u043e \\u0442\\u043e\\u0432\\u0430\\u0440\\u0430\", \"object\": \"Gallery object (13)\", \"fields\": [\"\\u0424\\u043e\\u0442\\u043e\"]}}]"}}, {"model": "admin.logentry", "pk": 193, "fields": {"action_time": "2020-11-08T11:26:42.125Z", "user": 1, "content_type": 9, "object_id": "6", "object_repr": "Карамелька", "action_flag": 2, "change_message": "[{\"changed\": {\"name\": \"\\u0444\\u043e\\u0442\\u043e \\u0442\\u043e\\u0432\\u0430\\u0440\\u0430\", \"object\": \"Gallery object (17)\", \"fields\": [\"\\u0424\\u043e\\u0442\\u043e\"]}}]"}}, {"model": "admin.logentry", "pk": 194, "fields": {"action_time": "2020-11-08T11:26:55.947Z", "user": 1, "content_type": 9, "object_id": "7", "object_repr": "Кексик", "action_flag": 2, "change_message": "[{\"changed\": {\"name\": \"\\u0444\\u043e\\u0442\\u043e \\u0442\\u043e\\u0432\\u0430\\u0440\\u0430\", \"object\": \"Gallery object (21)\", \"fields\": [\"\\u0424\\u043e\\u0442\\u043e\"]}}]"}}, {"model": "admin.logentry", "pk": 195, "fields": {"action_time": "2020-11-08T11:27:09.187Z", "user": 1, "content_type": 9, "object_id": "8", "object_repr": "Клубника", "action_flag": 2, "change_message": "[{\"changed\": {\"name\": \"\\u0444\\u043e\\u0442\\u043e \\u0442\\u043e\\u0432\\u0430\\u0440\\u0430\", \"object\": \"Gallery object (25)\", \"fields\": [\"\\u0424\\u043e\\u0442\\u043e\"]}}]"}}, {"model": "admin.logentry", "pk": 196, "fields": {"action_time": "2020-11-08T11:28:33.591Z", "user": 1, "content_type": 9, "object_id": "5", "object_repr": "Ириска", "action_flag": 2, "change_message": "[{\"changed\": {\"fields\": [\"\\u0412 \\u043d\\u0430\\u043b\\u0438\\u0447\\u0438\\u0438 (\\u043a\\u043e\\u043b-\\u0432\\u043e)\"]}}]"}}, {"model": "admin.logentry", "pk": 197, "fields": {"action_time": "2020-11-08T11:50:23.346Z", "user": 1, "content_type": 15, "object_id": "8", "object_repr": "PIR-008", "action_flag": 1, "change_message": "[{\"added\": {}}]"}}, {"model": "admin.logentry", "pk": 198, "fields": {"action_time": "2020-11-08T11:52:34.915Z", "user": 1, "content_type": 16, "object_id": "5", "object_repr": "до 6 лет", "action_flag": 1, "change_message": "[{\"added\": {}}]"}}, {"model": "admin.logentry", "pk": 199, "fields": {"action_time": "2020-11-08T11:53:56.342Z", "user": 1, "content_type": 9, "object_id": "9", "object_repr": "Конфетка", "action_flag": 1, "change_message": "[{\"added\": {}}, {\"added\": {\"name\": \"\\u0441\\u0435\\u0442 \\u0442\\u043e\\u0432\\u0430\\u0440\\u0430\", \"object\": \"\\u0421\\u0435\\u0442 \\u041a\\u043e\\u043d\\u0444\\u0435\\u0442\\u043a\\u0430 50-56 2000\"}}, {\"added\": {\"name\": \"\\u0441\\u0435\\u0442 \\u0442\\u043e\\u0432\\u0430\\u0440\\u0430\", \"object\": \"\\u0421\\u0435\\u0442 \\u041a\\u043e\\u043d\\u0444\\u0435\\u0442\\u043a\\u0430 62-80 2200\"}}, {\"added\": {\"name\": \"\\u0441\\u0435\\u0442 \\u0442\\u043e\\u0432\\u0430\\u0440\\u0430\", \"object\": \"\\u0421\\u0435\\u0442 \\u041a\\u043e\\u043d\\u0444\\u0435\\u0442\\u043a\\u0430 86-104 2400\"}}, {\"added\": {\"name\": \"\\u0441\\u0435\\u0442 \\u0442\\u043e\\u0432\\u0430\\u0440\\u0430\", \"object\": \"\\u0421\\u0435\\u0442 \\u041a\\u043e\\u043d\\u0444\\u0435\\u0442\\u043a\\u0430 108-122 2600\"}}, {\"added\": {\"name\": \"\\u0444\\u043e\\u0442\\u043e \\u0442\\u043e\\u0432\\u0430\\u0440\\u0430\", \"object\": \"Gallery object (28)\"}}, {\"added\": {\"name\": \"\\u0444\\u043e\\u0442\\u043e \\u0442\\u043e\\u0432\\u0430\\u0440\\u0430\", \"object\": \"Gallery object (29)\"}}, {\"added\": {\"name\": \"\\u0444\\u043e\\u0442\\u043e \\u0442\\u043e\\u0432\\u0430\\u0440\\u0430\", \"object\": \"Gallery object (30)\"}}, {\"added\": {\"name\": \"\\u0444\\u043e\\u0442\\u043e \\u0442\\u043e\\u0432\\u0430\\u0440\\u0430\", \"object\": \"Gallery object (31)\"}}]"}}, {"model": "admin.logentry", "pk": 200, "fields": {"action_time": "2020-11-08T12:01:27.846Z", "user": 1, "content_type": 15, "object_id": "9", "object_repr": "LR-212", "action_flag": 1, "change_message": "[{\"added\": {}}]"}}, {"model": "admin.logentry", "pk": 201, "fields": {"action_time": "2020-11-08T12:02:02.918Z", "user": 1, "content_type": 16, "object_id": "6", "object_repr": "до 8 лет", "action_flag": 1, "change_message": "[{\"added\": {}}]"}}, {"model": "admin.logentry", "pk": 202, "fields": {"action_time": "2020-11-08T12:04:14.246Z", "user": 1, "content_type": 9, "object_id": "10", "object_repr": "Леденец", "action_flag": 1, "change_message": "[{\"added\": {}}, {\"added\": {\"name\": \"\\u0441\\u0435\\u0442 \\u0442\\u043e\\u0432\\u0430\\u0440\\u0430\", \"object\": \"\\u0421\\u0435\\u0442 \\u041b\\u0435\\u0434\\u0435\\u043d\\u0435\\u0446 50-56 1700\"}}, {\"added\": {\"name\": \"\\u0441\\u0435\\u0442 \\u0442\\u043e\\u0432\\u0430\\u0440\\u0430\", \"object\": \"\\u0421\\u0435\\u0442 \\u041b\\u0435\\u0434\\u0435\\u043d\\u0435\\u0446 62-80 1900\"}}, {\"added\": {\"name\": \"\\u0441\\u0435\\u0442 \\u0442\\u043e\\u0432\\u0430\\u0440\\u0430\", \"object\": \"\\u0421\\u0435\\u0442 \\u041b\\u0435\\u0434\\u0435\\u043d\\u0435\\u0446 86-104 2100\"}}, {\"added\": {\"name\": \"\\u0441\\u0435\\u0442 \\u0442\\u043e\\u0432\\u0430\\u0440\\u0430\", \"object\": \"\\u0421\\u0435\\u0442 \\u041b\\u0435\\u0434\\u0435\\u043d\\u0435\\u0446 108-122 2300\"}}, {\"added\": {\"name\": \"\\u0444\\u043e\\u0442\\u043e \\u0442\\u043e\\u0432\\u0430\\u0440\\u0430\", \"object\": \"Gallery object (32)\"}}, {\"added\": {\"name\": \"\\u0444\\u043e\\u0442\\u043e \\u0442\\u043e\\u0432\\u0430\\u0440\\u0430\", \"object\": \"Gallery object (33)\"}}, {\"added\": {\"name\": \"\\u0444\\u043e\\u0442\\u043e \\u0442\\u043e\\u0432\\u0430\\u0440\\u0430\", \"object\": \"Gallery object (34)\"}}, {\"added\": {\"name\": \"\\u0444\\u043e\\u0442\\u043e \\u0442\\u043e\\u0432\\u0430\\u0440\\u0430\", \"object\": \"Gallery object (35)\"}}]"}}, {"model": "admin.logentry", "pk": 203, "fields": {"action_time": "2020-11-08T12:06:41.025Z", "user": 1, "content_type": 9, "object_id": "10", "object_repr": "Леденец", "action_flag": 2, "change_message": "[{\"changed\": {\"fields\": [\"\\u041e\\u043f\\u0438\\u0441\\u0430\\u043d\\u0438\\u0435\"]}}]"}}, {"model": "admin.logentry", "pk": 204, "fields": {"action_time": "2020-11-08T12:08:18.792Z", "user": 1, "content_type": 15, "object_id": "10", "object_repr": "CTR-018", "action_flag": 1, "change_message": "[{\"added\": {}}]"}}, {"model": "admin.logentry", "pk": 205, "fields": {"action_time": "2020-11-08T12:10:22.203Z", "user": 1, "content_type": 20, "object_id": "5", "object_repr": "128-140", "action_flag": 1, "change_message": "[{\"added\": {}}, {\"added\": {\"name\": \"size\", \"object\": \"128\"}}, {\"added\": {\"name\": \"size\", \"object\": \"134\"}}, {\"added\": {\"name\": \"size\", \"object\": \"140\"}}]"}}, {"model": "admin.logentry", "pk": 206, "fields": {"action_time": "2020-11-08T12:11:29.746Z", "user": 1, "content_type": 9, "object_id": "11", "object_repr": "Макарон", "action_flag": 1, "change_message": "[{\"added\": {}}, {\"added\": {\"name\": \"\\u0441\\u0435\\u0442 \\u0442\\u043e\\u0432\\u0430\\u0440\\u0430\", \"object\": \"\\u0421\\u0435\\u0442 \\u041c\\u0430\\u043a\\u0430\\u0440\\u043e\\u043d 50-56 1500\"}}, {\"added\": {\"name\": \"\\u0441\\u0435\\u0442 \\u0442\\u043e\\u0432\\u0430\\u0440\\u0430\", \"object\": \"\\u0421\\u0435\\u0442 \\u041c\\u0430\\u043a\\u0430\\u0440\\u043e\\u043d 62-80 1700\"}}, {\"added\": {\"name\": \"\\u0441\\u0435\\u0442 \\u0442\\u043e\\u0432\\u0430\\u0440\\u0430\", \"object\": \"\\u0421\\u0435\\u0442 \\u041c\\u0430\\u043a\\u0430\\u0440\\u043e\\u043d 86-104 1900\"}}, {\"added\": {\"name\": \"\\u0441\\u0435\\u0442 \\u0442\\u043e\\u0432\\u0430\\u0440\\u0430\", \"object\": \"\\u0421\\u0435\\u0442 \\u041c\\u0430\\u043a\\u0430\\u0440\\u043e\\u043d 108-122 2100\"}}, {\"added\": {\"name\": \"\\u0441\\u0435\\u0442 \\u0442\\u043e\\u0432\\u0430\\u0440\\u0430\", \"object\": \"\\u0421\\u0435\\u0442 \\u041c\\u0430\\u043a\\u0430\\u0440\\u043e\\u043d 128-140 2300\"}}, {\"added\": {\"name\": \"\\u0444\\u043e\\u0442\\u043e \\u0442\\u043e\\u0432\\u0430\\u0440\\u0430\", \"object\": \"Gallery object (36)\"}}, {\"added\": {\"name\": \"\\u0444\\u043e\\u0442\\u043e \\u0442\\u043e\\u0432\\u0430\\u0440\\u0430\", \"object\": \"Gallery object (37)\"}}, {\"added\": {\"name\": \"\\u0444\\u043e\\u0442\\u043e \\u0442\\u043e\\u0432\\u0430\\u0440\\u0430\", \"object\": \"Gallery object (38)\"}}]"}}, {"model": "admin.logentry", "pk": 207, "fields": {"action_time": "2020-11-08T12:12:59.750Z", "user": 1, "content_type": 15, "object_id": "11", "object_repr": "MAC-MP12", "action_flag": 1, "change_message": "[{\"added\": {}}]"}}, {"model": "admin.logentry", "pk": 208, "fields": {"action_time": "2020-11-08T12:14:29.134Z", "user": 1, "content_type": 14, "object_id": "3", "object_repr": "Еврофатин", "action_flag": 1, "change_message": "[{\"added\": {}}]"}}, {"model": "admin.logentry", "pk": 209, "fields": {"action_time": "2020-11-08T12:15:00.043Z", "user": 1, "content_type": 16, "object_id": "7", "object_repr": "любой возраст", "action_flag": 1, "change_message": "[{\"added\": {}}]"}}, {"model": "admin.logentry", "pk": 210, "fields": {"action_time": "2020-11-08T12:16:59.579Z", "user": 1, "content_type": 20, "object_id": "6", "object_repr": "74-92", "action_flag": 1, "change_message": "[{\"added\": {}}, {\"added\": {\"name\": \"size\", \"object\": \"74\"}}, {\"added\": {\"name\": \"size\", \"object\": \"80\"}}, {\"added\": {\"name\": \"size\", \"object\": \"86\"}}, {\"added\": {\"name\": \"size\", \"object\": \"92\"}}]"}}, {"model": "admin.logentry", "pk": 211, "fields": {"action_time": "2020-11-08T12:17:36.393Z", "user": 1, "content_type": 20, "object_id": "7", "object_repr": "98-116", "action_flag": 1, "change_message": "[{\"added\": {}}, {\"added\": {\"name\": \"size\", \"object\": \"98\"}}, {\"added\": {\"name\": \"size\", \"object\": \"104\"}}, {\"added\": {\"name\": \"size\", \"object\": \"110\"}}, {\"added\": {\"name\": \"size\", \"object\": \"116\"}}]"}}, {"model": "admin.logentry", "pk": 212, "fields": {"action_time": "2020-11-08T12:18:29.307Z", "user": 1, "content_type": 20, "object_id": "8", "object_repr": "122-140", "action_flag": 1, "change_message": "[{\"added\": {}}, {\"added\": {\"name\": \"size\", \"object\": \"122\"}}, {\"added\": {\"name\": \"size\", \"object\": \"128\"}}, {\"added\": {\"name\": \"size\", \"object\": \"134\"}}, {\"added\": {\"name\": \"size\", \"object\": \"140\"}}]"}}, {"model": "admin.logentry", "pk": 213, "fields": {"action_time": "2020-11-08T12:20:02.444Z", "user": 1, "content_type": 9, "object_id": "12", "object_repr": "Марципан", "action_flag": 1, "change_message": "[{\"added\": {}}, {\"added\": {\"name\": \"\\u0441\\u0435\\u0442 \\u0442\\u043e\\u0432\\u0430\\u0440\\u0430\", \"object\": \"\\u0421\\u0435\\u0442 \\u041c\\u0430\\u0440\\u0446\\u0438\\u043f\\u0430\\u043d 74-92 2800\"}}, {\"added\": {\"name\": \"\\u0441\\u0435\\u0442 \\u0442\\u043e\\u0432\\u0430\\u0440\\u0430\", \"object\": \"\\u0421\\u0435\\u0442 \\u041c\\u0430\\u0440\\u0446\\u0438\\u043f\\u0430\\u043d 98-116 3000\"}}, {\"added\": {\"name\": \"\\u0441\\u0435\\u0442 \\u0442\\u043e\\u0432\\u0430\\u0440\\u0430\", \"object\": \"\\u0421\\u0435\\u0442 \\u041c\\u0430\\u0440\\u0446\\u0438\\u043f\\u0430\\u043d 122-140 3200\"}}, {\"added\": {\"name\": \"\\u0444\\u043e\\u0442\\u043e \\u0442\\u043e\\u0432\\u0430\\u0440\\u0430\", \"object\": \"Gallery object (39)\"}}, {\"added\": {\"name\": \"\\u0444\\u043e\\u0442\\u043e \\u0442\\u043e\\u0432\\u0430\\u0440\\u0430\", \"object\": \"Gallery object (40)\"}}]"}}, {"model": "admin.logentry", "pk": 214, "fields": {"action_time": "2020-11-08T12:23:31.967Z", "user": 1, "content_type": 15, "object_id": "12", "object_repr": "HPS-143", "action_flag": 1, "change_message": "[{\"added\": {}}]"}}, {"model": "admin.logentry", "pk": 215, "fields": {"action_time": "2020-11-08T12:24:30.862Z", "user": 1, "content_type": 20, "object_id": "9", "object_repr": "50-62", "action_flag": 1, "change_message": "[{\"added\": {}}, {\"added\": {\"name\": \"size\", \"object\": \"50\"}}, {\"added\": {\"name\": \"size\", \"object\": \"62\"}}]"}}, {"model": "admin.logentry", "pk": 216, "fields": {"action_time": "2020-11-08T12:24:55.476Z", "user": 1, "content_type": 20, "object_id": "10", "object_repr": "68-70", "action_flag": 1, "change_message": "[{\"added\": {}}, {\"added\": {\"name\": \"size\", \"object\": \"68\"}}, {\"added\": {\"name\": \"size\", \"object\": \"70\"}}]"}}, {"model": "admin.logentry", "pk": 217, "fields": {"action_time": "2020-11-08T12:25:34.240Z", "user": 1, "content_type": 20, "object_id": "11", "object_repr": "110-122", "action_flag": 1, "change_message": "[{\"added\": {}}, {\"added\": {\"name\": \"size\", \"object\": \"110\"}}, {\"added\": {\"name\": \"size\", \"object\": \"122\"}}]"}}, {"model": "admin.logentry", "pk": 218, "fields": {"action_time": "2020-11-08T12:28:22.782Z", "user": 1, "content_type": 9, "object_id": "13", "object_repr": "Пастила", "action_flag": 1, "change_message": "[{\"added\": {}}, {\"added\": {\"name\": \"\\u0441\\u0435\\u0442 \\u0442\\u043e\\u0432\\u0430\\u0440\\u0430\", \"object\": \"\\u0421\\u0435\\u0442 \\u041f\\u0430\\u0441\\u0442\\u0438\\u043b\\u0430 50-62 1600\"}}, {\"added\": {\"name\": \"\\u0441\\u0435\\u0442 \\u0442\\u043e\\u0432\\u0430\\u0440\\u0430\", \"object\": \"\\u0421\\u0435\\u0442 \\u041f\\u0430\\u0441\\u0442\\u0438\\u043b\\u0430 68-70 1800\"}}, {\"added\": {\"name\": \"\\u0441\\u0435\\u0442 \\u0442\\u043e\\u0432\\u0430\\u0440\\u0430\", \"object\": \"\\u0421\\u0435\\u0442 \\u041f\\u0430\\u0441\\u0442\\u0438\\u043b\\u0430 86-104 2000\"}}, {\"added\": {\"name\": \"\\u0441\\u0435\\u0442 \\u0442\\u043e\\u0432\\u0430\\u0440\\u0430\", \"object\": \"\\u0421\\u0435\\u0442 \\u041f\\u0430\\u0441\\u0442\\u0438\\u043b\\u0430 110-122 2200\"}}, {\"added\": {\"name\": \"\\u0441\\u0435\\u0442 \\u0442\\u043e\\u0432\\u0430\\u0440\\u0430\", \"object\": \"\\u0421\\u0435\\u0442 \\u041f\\u0430\\u0441\\u0442\\u0438\\u043b\\u0430 128-140 2400\"}}, {\"added\": {\"name\": \"\\u0444\\u043e\\u0442\\u043e \\u0442\\u043e\\u0432\\u0430\\u0440\\u0430\", \"object\": \"Gallery object (41)\"}}, {\"added\": {\"name\": \"\\u0444\\u043e\\u0442\\u043e \\u0442\\u043e\\u0432\\u0430\\u0440\\u0430\", \"object\": \"Gallery object (42)\"}}, {\"added\": {\"name\": \"\\u0444\\u043e\\u0442\\u043e \\u0442\\u043e\\u0432\\u0430\\u0440\\u0430\", \"object\": \"Gallery object (43)\"}}]"}}, {"model": "admin.logentry", "pk": 219, "fields": {"action_time": "2020-11-08T12:32:34.066Z", "user": 1, "content_type": 15, "object_id": "13", "object_repr": "RNW-403", "action_flag": 1, "change_message": "[{\"added\": {}}]"}}, {"model": "admin.logentry", "pk": 220, "fields": {"action_time": "2020-11-08T12:35:38.640Z", "user": 1, "content_type": 9, "object_id": "14", "object_repr": "Пирожное", "action_flag": 1, "change_message": "[{\"added\": {}}, {\"added\": {\"name\": \"\\u0441\\u0435\\u0442 \\u0442\\u043e\\u0432\\u0430\\u0440\\u0430\", \"object\": \"\\u0421\\u0435\\u0442 \\u041f\\u0438\\u0440\\u043e\\u0436\\u043d\\u043e\\u0435 50-56 2000\"}}, {\"added\": {\"name\": \"\\u0441\\u0435\\u0442 \\u0442\\u043e\\u0432\\u0430\\u0440\\u0430\", \"object\": \"\\u0421\\u0435\\u0442 \\u041f\\u0438\\u0440\\u043e\\u0436\\u043d\\u043e\\u0435 62-80 2200\"}}, {\"added\": {\"name\": \"\\u0441\\u0435\\u0442 \\u0442\\u043e\\u0432\\u0430\\u0440\\u0430\", \"object\": \"\\u0421\\u0435\\u0442 \\u041f\\u0438\\u0440\\u043e\\u0436\\u043d\\u043e\\u0435 86-104 2400\"}}, {\"added\": {\"name\": \"\\u0441\\u0435\\u0442 \\u0442\\u043e\\u0432\\u0430\\u0440\\u0430\", \"object\": \"\\u0421\\u0435\\u0442 \\u041f\\u0438\\u0440\\u043e\\u0436\\u043d\\u043e\\u0435 108-122 2600\"}}, {\"added\": {\"name\": \"\\u0444\\u043e\\u0442\\u043e \\u0442\\u043e\\u0432\\u0430\\u0440\\u0430\", \"object\": \"Gallery object (44)\"}}, {\"added\": {\"name\": \"\\u0444\\u043e\\u0442\\u043e \\u0442\\u043e\\u0432\\u0430\\u0440\\u0430\", \"object\": \"Gallery object (45)\"}}, {\"added\": {\"name\": \"\\u0444\\u043e\\u0442\\u043e \\u0442\\u043e\\u0432\\u0430\\u0440\\u0430\", \"object\": \"Gallery object (46)\"}}]"}}, {"model": "admin.logentry", "pk": 221, "fields": {"action_time": "2020-11-08T12:49:26.431Z", "user": 1, "content_type": 8, "object_id": "3", "object_repr": "Солохи и повязки", "action_flag": 1, "change_message": "[{\"added\": {}}]"}}, {"model": "admin.logentry", "pk": 222, "fields": {"action_time": "2020-11-08T12:51:14.484Z", "user": 1, "content_type": 8, "object_id": "4", "object_repr": "Трусики", "action_flag": 1, "change_message": "[{\"added\": {}}]"}}, {"model": "admin.logentry", "pk": 223, "fields": {"action_time": "2020-11-08T12:52:02.395Z", "user": 1, "content_type": 8, "object_id": "5", "object_repr": "Перчатки и браслеты", "action_flag": 1, "change_message": "[{\"added\": {}}]"}}, {"model": "admin.logentry", "pk": 224, "fields": {"action_time": "2020-11-08T12:53:44.644Z", "user": 1, "content_type": 15, "object_id": "14", "object_repr": "SPV-011", "action_flag": 1, "change_message": "[{\"added\": {}}]"}}, {"model": "admin.logentry", "pk": 225, "fields": {"action_time": "2020-11-08T12:56:02.850Z", "user": 1, "content_type": 9, "object_id": "15", "object_repr": "Солоха", "action_flag": 1, "change_message": "[{\"added\": {}}]"}}, {"model": "admin.logentry", "pk": 226, "fields": {"action_time": "2020-11-08T13:00:12.982Z", "user": 1, "content_type": 20, "object_id": "12", "object_repr": "любой-любой", "action_flag": 1, "change_message": "[{\"added\": {}}, {\"added\": {\"name\": \"size\", \"object\": \"\\u043b\\u044e\\u0431\\u043e\\u0439\"}}]"}}, {"model": "admin.logentry", "pk": 227, "fields": {"action_time": "2020-11-08T13:02:28.011Z", "user": 1, "content_type": 9, "object_id": "15", "object_repr": "Солоха", "action_flag": 2, "change_message": "[{\"added\": {\"name\": \"\\u0441\\u0435\\u0442 \\u0442\\u043e\\u0432\\u0430\\u0440\\u0430\", \"object\": \"\\u0421\\u0435\\u0442 \\u0421\\u043e\\u043b\\u043e\\u0445\\u0430 \\u043b\\u044e\\u0431\\u043e\\u0439-\\u043b\\u044e\\u0431\\u043e\\u0439 300\"}}, {\"added\": {\"name\": \"\\u0444\\u043e\\u0442\\u043e \\u0442\\u043e\\u0432\\u0430\\u0440\\u0430\", \"object\": \"Gallery object (47)\"}}, {\"added\": {\"name\": \"\\u0444\\u043e\\u0442\\u043e \\u0442\\u043e\\u0432\\u0430\\u0440\\u0430\", \"object\": \"Gallery object (48)\"}}, {\"added\": {\"name\": \"\\u0444\\u043e\\u0442\\u043e \\u0442\\u043e\\u0432\\u0430\\u0440\\u0430\", \"object\": \"Gallery object (49)\"}}, {\"added\": {\"name\": \"\\u0444\\u043e\\u0442\\u043e \\u0442\\u043e\\u0432\\u0430\\u0440\\u0430\", \"object\": \"Gallery object (50)\"}}, {\"added\": {\"name\": \"\\u0444\\u043e\\u0442\\u043e \\u0442\\u043e\\u0432\\u0430\\u0440\\u0430\", \"object\": \"Gallery object (51)\"}}]"}}, {"model": "admin.logentry", "pk": 228, "fields": {"action_time": "2020-11-08T13:03:49.233Z", "user": 1, "content_type": 20, "object_id": "12", "object_repr": "любой-любой", "action_flag": 2, "change_message": "[]"}}, {"model": "admin.logentry", "pk": 229, "fields": {"action_time": "2020-11-08T13:04:36.645Z", "user": 1, "content_type": 20, "object_id": "12", "object_repr": "любой-любой", "action_flag": 2, "change_message": "[]"}}, {"model": "admin.logentry", "pk": 230, "fields": {"action_time": "2020-11-08T13:04:40.165Z", "user": 1, "content_type": 9, "object_id": "15", "object_repr": "Солоха", "action_flag": 2, "change_message": "[]"}}, {"model": "admin.logentry", "pk": 231, "fields": {"action_time": "2020-11-08T13:09:29.439Z", "user": 1, "content_type": 20, "object_id": "12", "object_repr": "любой-любой", "action_flag": 3, "change_message": ""}}, {"model": "admin.logentry", "pk": 232, "fields": {"action_time": "2020-11-08T13:10:27.377Z", "user": 1, "content_type": 20, "object_id": "13", "object_repr": "0-&#8734;", "action_flag": 1, "change_message": "[{\"added\": {}}, {\"added\": {\"name\": \"size\", \"object\": \"0\"}}, {\"added\": {\"name\": \"size\", \"object\": \"&#8734;\"}}]"}}, {"model": "admin.logentry", "pk": 233, "fields": {"action_time": "2020-11-08T13:10:47.999Z", "user": 1, "content_type": 20, "object_id": "13", "object_repr": "0-∞", "action_flag": 2, "change_message": "[{\"changed\": {\"name\": \"size\", \"object\": \"\\u221e\", \"fields\": [\"Size\"]}}]"}}, {"model": "admin.logentry", "pk": 234, "fields": {"action_time": "2020-11-08T13:10:59.277Z", "user": 1, "content_type": 20, "object_id": "13", "object_repr": "∞-∞", "action_flag": 2, "change_message": "[{\"changed\": {\"name\": \"size\", \"object\": \"\\u221e\", \"fields\": [\"Size\"]}}]"}}, {"model": "admin.logentry", "pk": 235, "fields": {"action_time": "2020-11-08T13:11:01.607Z", "user": 1, "content_type": 9, "object_id": "15", "object_repr": "Солоха", "action_flag": 2, "change_message": "[{\"changed\": {\"name\": \"\\u0441\\u0435\\u0442 \\u0442\\u043e\\u0432\\u0430\\u0440\\u0430\", \"object\": \"\\u0421\\u0435\\u0442 \\u0421\\u043e\\u043b\\u043e\\u0445\\u0430 \\u221e-\\u221e 300.00\", \"fields\": [\"Size set\"]}}]"}}, {"model": "admin.logentry", "pk": 236, "fields": {"action_time": "2020-11-08T13:11:37.550Z", "user": 1, "content_type": 20, "object_id": "13", "object_repr": "0-∞", "action_flag": 2, "change_message": "[{\"changed\": {\"name\": \"size\", \"object\": \"0\", \"fields\": [\"Size\"]}}]"}}, {"model": "admin.logentry", "pk": 237, "fields": {"action_time": "2020-11-08T13:11:39.799Z", "user": 1, "content_type": 9, "object_id": "15", "object_repr": "Солоха", "action_flag": 2, "change_message": "[]"}}, {"model": "admin.logentry", "pk": 238, "fields": {"action_time": "2020-11-08T13:15:56.576Z", "user": 1, "content_type": 20, "object_id": "13", "object_repr": "∞-∞", "action_flag": 2, "change_message": "[{\"changed\": {\"name\": \"size\", \"object\": \"\\u221e\", \"fields\": [\"Size\"]}}]"}}, {"model": "admin.logentry", "pk": 239, "fields": {"action_time": "2020-11-08T13:15:58.971Z", "user": 1, "content_type": 9, "object_id": "15", "object_repr": "Солоха", "action_flag": 2, "change_message": "[]"}}, {"model": "admin.logentry", "pk": 240, "fields": {"action_time": "2020-11-08T13:53:11.938Z", "user": 1, "content_type": 33, "object_id": "1", "object_repr": "example", "action_flag": 2, "change_message": "[{\"changed\": {\"fields\": [\"\\u041e\\u043f\\u0438\\u0441\\u0430\\u043d\\u0438\\u0435 \\u043a\\u0430\\u0440\\u0442\\u0438\\u043d\\u043a\\u0438 2\", \"Third category\", \"\\u0424\\u043e\\u0442\\u043e \\u043a\\u0430\\u0442\\u0435\\u0433\\u043e\\u0440\\u0438\\u0438\"]}}]"}}, {"model": "admin.logentry", "pk": 241, "fields": {"action_time": "2020-11-08T13:53:18.493Z", "user": 1, "content_type": 34, "object_id": "1", "object_repr": "акция", "action_flag": 2, "change_message": "[]"}}, {"model": "admin.logentry", "pk": 242, "fields": {"action_time": "2020-11-08T13:59:23.202Z", "user": 1, "content_type": 33, "object_id": "1", "object_repr": "example", "action_flag": 2, "change_message": "[{\"changed\": {\"fields\": [\"\\u0424\\u043e\\u0442\\u043e \\u043a\\u0430\\u0442\\u0435\\u0433\\u043e\\u0440\\u0438\\u0438\", \"\\u0424\\u043e\\u0442\\u043e \\u043a\\u0430\\u0442\\u0435\\u0433\\u043e\\u0440\\u0438\\u0438\"]}}]"}}, {"model": "admin.logentry", "pk": 243, "fields": {"action_time": "2020-11-08T13:59:25.607Z", "user": 1, "content_type": 34, "object_id": "1", "object_repr": "акция", "action_flag": 2, "change_message": "[]"}}, {"model": "admin.logentry", "pk": 244, "fields": {"action_time": "2020-11-08T14:01:02.543Z", "user": 1, "content_type": 33, "object_id": "1", "object_repr": "example", "action_flag": 2, "change_message": "[{\"changed\": {\"fields\": [\"\\u041e\\u043f\\u0438\\u0441\\u0430\\u043d\\u0438\\u0435 \\u043a\\u0430\\u0440\\u0442\\u0438\\u043d\\u043a\\u0438 1\", \"Second category\", \"Third category\", \"\\u041e\\u043f\\u0438\\u0441\\u0430\\u043d\\u0438\\u0435 \\u043a\\u0430\\u0440\\u0442\\u0438\\u043d\\u043a\\u0438 3\", \"Fourth category\", \"\\u041e\\u043f\\u0438\\u0441\\u0430\\u043d\\u0438\\u0435 \\u043a\\u0430\\u0440\\u0442\\u0438\\u043d\\u043a\\u0438 4\"]}}]"}}, {"model": "admin.logentry", "pk": 245, "fields": {"action_time": "2020-11-08T14:01:06.111Z", "user": 1, "content_type": 34, "object_id": "1", "object_repr": "акция", "action_flag": 2, "change_message": "[]"}}, {"model": "admin.logentry", "pk": 246, "fields": {"action_time": "2020-11-08T14:12:03.544Z", "user": 1, "content_type": 33, "object_id": "1", "object_repr": "example", "action_flag": 2, "change_message": "[{\"changed\": {\"fields\": [\"\\u0424\\u043e\\u0442\\u043e \\u043a\\u0430\\u0442\\u0435\\u0433\\u043e\\u0440\\u0438\\u0438\"]}}]"}}, {"model": "admin.logentry", "pk": 247, "fields": {"action_time": "2020-11-08T14:15:04.501Z", "user": 1, "content_type": 33, "object_id": "1", "object_repr": "example", "action_flag": 2, "change_message": "[{\"changed\": {\"fields\": [\"\\u0424\\u043e\\u0442\\u043e \\u043a\\u0430\\u0442\\u0435\\u0433\\u043e\\u0440\\u0438\\u0438\"]}}]"}}, {"model": "admin.logentry", "pk": 248, "fields": {"action_time": "2020-11-08T14:15:07.651Z", "user": 1, "content_type": 34, "object_id": "1", "object_repr": "акция", "action_flag": 2, "change_message": "[]"}}, {"model": "admin.logentry", "pk": 249, "fields": {"action_time": "2020-11-08T14:18:03.115Z", "user": 1, "content_type": 33, "object_id": "1", "object_repr": "example", "action_flag": 2, "change_message": "[{\"changed\": {\"fields\": [\"\\u0424\\u043e\\u0442\\u043e \\u043a\\u0430\\u0442\\u0435\\u0433\\u043e\\u0440\\u0438\\u0438\"]}}]"}}, {"model": "admin.logentry", "pk": 250, "fields": {"action_time": "2020-11-08T14:21:58.419Z", "user": 1, "content_type": 34, "object_id": "1", "object_repr": "акция", "action_flag": 2, "change_message": "[{\"added\": {\"name\": \"\\u043f\\u0440\\u043e\\u043c\\u043e \\u0442\\u043e\\u0432\\u0430\\u0440\", \"object\": \"PromoProduct object (4)\"}}, {\"changed\": {\"name\": \"\\u043f\\u0440\\u043e\\u043c\\u043e \\u0442\\u043e\\u0432\\u0430\\u0440\", \"object\": \"PromoProduct object (1)\", \"fields\": [\"Product\"]}}, {\"changed\": {\"name\": \"\\u043f\\u0440\\u043e\\u043c\\u043e \\u0442\\u043e\\u0432\\u0430\\u0440\", \"object\": \"PromoProduct object (2)\", \"fields\": [\"Product\"]}}, {\"changed\": {\"name\": \"\\u043f\\u0440\\u043e\\u043c\\u043e \\u0442\\u043e\\u0432\\u0430\\u0440\", \"object\": \"PromoProduct object (3)\", \"fields\": [\"Product\"]}}]"}}, {"model": "admin.logentry", "pk": 251, "fields": {"action_time": "2020-11-09T08:07:46.427Z", "user": 1, "content_type": 33, "object_id": "1", "object_repr": "example", "action_flag": 2, "change_message": "[{\"changed\": {\"fields\": [\"\\u0424\\u043e\\u0442\\u043e \\u043a\\u0430\\u0442\\u0435\\u0433\\u043e\\u0440\\u0438\\u0438\", \"\\u0424\\u043e\\u0442\\u043e \\u043a\\u0430\\u0442\\u0435\\u0433\\u043e\\u0440\\u0438\\u0438\"]}}]"}}, {"model": "admin.logentry", "pk": 252, "fields": {"action_time": "2020-11-09T08:07:48.577Z", "user": 1, "content_type": 34, "object_id": "1", "object_repr": "акция", "action_flag": 2, "change_message": "[]"}}, {"model": "admin.logentry", "pk": 253, "fields": {"action_time": "2020-11-14T10:31:07.467Z", "user": 1, "content_type": 34, "object_id": "1", "object_repr": "акция", "action_flag": 2, "change_message": "[{\"changed\": {\"fields\": [\"Video\"]}}]"}}, {"model": "admin.logentry", "pk": 254, "fields": {"action_time": "2020-11-14T10:37:45.084Z", "user": 1, "content_type": 34, "object_id": "1", "object_repr": "акция", "action_flag": 2, "change_message": "[{\"changed\": {\"fields\": [\"Video\"]}}]"}}, {"model": "admin.logentry", "pk": 255, "fields": {"action_time": "2020-11-14T10:38:15.534Z", "user": 1, "content_type": 34, "object_id": "1", "object_repr": "акция", "action_flag": 2, "change_message": "[{\"changed\": {\"fields\": [\"Video\"]}}]"}}, {"model": "admin.logentry", "pk": 256, "fields": {"action_time": "2020-11-14T12:14:02.571Z", "user": 1, "content_type": 8, "object_id": "6", "object_repr": "Праздничные", "action_flag": 1, "change_message": "[{\"added\": {}}]"}}, {"model": "admin.logentry", "pk": 257, "fields": {"action_time": "2020-11-14T12:14:39.992Z", "user": 1, "content_type": 9, "object_id": "12", "object_repr": "Марципан", "action_flag": 2, "change_message": "[{\"changed\": {\"fields\": [\"\\u041a\\u0430\\u0442\\u0435\\u0433\\u043e\\u0440\\u0438\\u044f\"]}}]"}}, {"model": "admin.logentry", "pk": 258, "fields": {"action_time": "2020-11-14T12:16:31.534Z", "user": 1, "content_type": 33, "object_id": "1", "object_repr": "example", "action_flag": 2, "change_message": "[{\"changed\": {\"fields\": [\"First category\", \"\\u0424\\u043e\\u0442\\u043e \\u043a\\u0430\\u0442\\u0435\\u0433\\u043e\\u0440\\u0438\\u0438\", \"\\u041e\\u043f\\u0438\\u0441\\u0430\\u043d\\u0438\\u0435 \\u043a\\u0430\\u0440\\u0442\\u0438\\u043d\\u043a\\u0438 1\", \"\\u0422\\u0435\\u043a\\u0441\\u0442 \\u043d\\u0430\\u0434 \\u043a\\u0430\\u0440\\u0442\\u0438\\u043d\\u043a\\u043e\\u0439\", \"Second category\", \"\\u0424\\u043e\\u0442\\u043e \\u043a\\u0430\\u0442\\u0435\\u0433\\u043e\\u0440\\u0438\\u0438\", \"\\u041e\\u043f\\u0438\\u0441\\u0430\\u043d\\u0438\\u0435 \\u043a\\u0430\\u0440\\u0442\\u0438\\u043d\\u043a\\u0438 2\", \"\\u0422\\u0435\\u043a\\u0441\\u0442 \\u043d\\u0430\\u0434 \\u043a\\u0430\\u0440\\u0442\\u0438\\u043d\\u043a\\u043e\\u0439\"]}}]"}}, {"model": "admin.logentry", "pk": 259, "fields": {"action_time": "2020-11-14T12:22:00.676Z", "user": 1, "content_type": 33, "object_id": "1", "object_repr": "example", "action_flag": 2, "change_message": "[{\"changed\": {\"fields\": [\"\\u0424\\u043e\\u0442\\u043e \\u043a\\u0430\\u0442\\u0435\\u0433\\u043e\\u0440\\u0438\\u0438\"]}}]"}}, {"model": "admin.logentry", "pk": 260, "fields": {"action_time": "2020-11-14T12:30:48.043Z", "user": 1, "content_type": 9, "object_id": "12", "object_repr": "Марципан", "action_flag": 2, "change_message": "[{\"changed\": {\"fields\": [\"\\u041a\\u0430\\u0442\\u0435\\u0433\\u043e\\u0440\\u0438\\u044f\"]}}]"}}, {"model": "admin.logentry", "pk": 261, "fields": {"action_time": "2020-11-14T12:31:20.228Z", "user": 1, "content_type": 7, "object_id": "3", "object_repr": "localhost:8000", "action_flag": 2, "change_message": "[{\"changed\": {\"fields\": [\"Domain name\"]}}]"}}, {"model": "admin.logentry", "pk": 262, "fields": {"action_time": "2020-11-14T12:35:06.878Z", "user": 1, "content_type": 9, "object_id": "12", "object_repr": "Марципан", "action_flag": 2, "change_message": "[{\"changed\": {\"fields\": [\"\\u041a\\u0430\\u0442\\u0435\\u0433\\u043e\\u0440\\u0438\\u044f\"]}}]"}}, {"model": "admin.logentry", "pk": 263, "fields": {"action_time": "2020-11-14T12:35:37.502Z", "user": 1, "content_type": 9, "object_id": "12", "object_repr": "Марципан", "action_flag": 2, "change_message": "[{\"changed\": {\"fields\": [\"\\u041a\\u0430\\u0442\\u0435\\u0433\\u043e\\u0440\\u0438\\u044f\"]}}]"}}, {"model": "admin.logentry", "pk": 264, "fields": {"action_time": "2020-11-15T08:38:45.673Z", "user": 1, "content_type": 8, "object_id": "7", "object_repr": "Фэмили лук", "action_flag": 1, "change_message": "[{\"added\": {}}]"}}, {"model": "admin.logentry", "pk": 265, "fields": {"action_time": "2020-11-15T08:40:13.382Z", "user": 1, "content_type": 9, "object_id": "3", "object_repr": "Пастила Family look", "action_flag": 2, "change_message": "[{\"changed\": {\"fields\": [\"\\u041a\\u0430\\u0442\\u0435\\u0433\\u043e\\u0440\\u0438\\u044f\", \"\\u041e\\u043f\\u0438\\u0441\\u0430\\u043d\\u0438\\u0435\"]}}]"}}, {"model": "admin.logentry", "pk": 266, "fields": {"action_time": "2020-11-15T08:44:37.100Z", "user": 1, "content_type": 16, "object_id": "2", "object_repr": "Family look", "action_flag": 3, "change_message": ""}}, {"model": "admin.logentry", "pk": 267, "fields": {"action_time": "2020-11-15T08:45:28.042Z", "user": 1, "content_type": 9, "object_id": "3", "object_repr": "Пастила Family look", "action_flag": 2, "change_message": "[{\"changed\": {\"fields\": [\"\\u0412\\u043e\\u0437\\u0440\\u0430\\u0441\\u0442\"]}}]"}}, {"model": "admin.logentry", "pk": 268, "fields": {"action_time": "2020-11-15T08:56:32.162Z", "user": 1, "content_type": 14, "object_id": "3", "object_repr": "Полиэстер", "action_flag": 2, "change_message": "[{\"changed\": {\"fields\": [\"\\u041c\\u0430\\u0442\\u0435\\u0440\\u0438\\u0430\\u043b\", \"\\u041d\\u0430\\u0437\\u0432\\u0430\\u043d\\u0438\\u0435 (\\u043b\\u0430\\u0442.)\"]}}]"}}, {"model": "admin.logentry", "pk": 269, "fields": {"action_time": "2020-11-15T09:50:37.899Z", "user": 1, "content_type": 9, "object_id": "3", "object_repr": "Пастила Family look", "action_flag": 2, "change_message": "[{\"changed\": {\"name\": \"\\u0441\\u0435\\u0442 \\u0442\\u043e\\u0432\\u0430\\u0440\\u0430\", \"object\": \"\\u0421\\u0435\\u0442 \\u041f\\u0430\\u0441\\u0442\\u0438\\u043b\\u0430 Family look \\u221e-\\u221e 5000.00\", \"fields\": [\"Size set\"]}}, {\"deleted\": {\"name\": \"\\u0441\\u0435\\u0442 \\u0442\\u043e\\u0432\\u0430\\u0440\\u0430\", \"object\": \"\\u0421\\u0435\\u0442 \\u041f\\u0430\\u0441\\u0442\\u0438\\u043b\\u0430 Family look 62-80 5000.00\"}}, {\"deleted\": {\"name\": \"\\u0441\\u0435\\u0442 \\u0442\\u043e\\u0432\\u0430\\u0440\\u0430\", \"object\": \"\\u0421\\u0435\\u0442 \\u041f\\u0430\\u0441\\u0442\\u0438\\u043b\\u0430 Family look 86-104 5000.00\"}}, {\"deleted\": {\"name\": \"\\u0441\\u0435\\u0442 \\u0442\\u043e\\u0432\\u0430\\u0440\\u0430\", \"object\": \"\\u0421\\u0435\\u0442 \\u041f\\u0430\\u0441\\u0442\\u0438\\u043b\\u0430 Family look 108-122 5000.00\"}}]"}}, {"model": "admin.logentry", "pk": 270, "fields": {"action_time": "2020-11-19T07:17:56.757Z", "user": 1, "content_type": 45, "object_id": "16", "object_repr": "admin", "action_flag": 3, "change_message": ""}}, {"model": "admin.logentry", "pk": 271, "fields": {"action_time": "2020-11-19T07:17:56.763Z", "user": 1, "content_type": 45, "object_id": "15", "object_repr": "181001kirill", "action_flag": 3, "change_message": ""}}, {"model": "admin.logentry", "pk": 272, "fields": {"action_time": "2020-11-19T07:17:56.770Z", "user": 1, "content_type": 45, "object_id": "14", "object_repr": "181001kirill", "action_flag": 3, "change_message": ""}}, {"model": "admin.logentry", "pk": 273, "fields": {"action_time": "2020-11-19T07:17:56.779Z", "user": 1, "content_type": 45, "object_id": "13", "object_repr": "181001kirill", "action_flag": 3, "change_message": ""}}, {"model": "admin.logentry", "pk": 274, "fields": {"action_time": "2020-11-19T07:17:56.793Z", "user": 1, "content_type": 45, "object_id": "12", "object_repr": "181001kirill", "action_flag": 3, "change_message": ""}}, {"model": "admin.logentry", "pk": 275, "fields": {"action_time": "2020-11-19T07:17:56.804Z", "user": 1, "content_type": 45, "object_id": "11", "object_repr": "admin", "action_flag": 3, "change_message": ""}}, {"model": "admin.logentry", "pk": 276, "fields": {"action_time": "2020-11-19T07:17:56.816Z", "user": 1, "content_type": 45, "object_id": "10", "object_repr": "admin", "action_flag": 3, "change_message": ""}}, {"model": "admin.logentry", "pk": 277, "fields": {"action_time": "2020-11-19T07:17:56.820Z", "user": 1, "content_type": 45, "object_id": "9", "object_repr": "admin", "action_flag": 3, "change_message": ""}}, {"model": "admin.logentry", "pk": 278, "fields": {"action_time": "2020-11-19T07:18:42.384Z", "user": 1, "content_type": 47, "object_id": "8", "object_repr": "74B5P0LT4BED", "action_flag": 1, "change_message": "[{\"added\": {}}]"}}, {"model": "admin.logentry", "pk": 279, "fields": {"action_time": "2020-11-19T07:19:14.522Z", "user": 1, "content_type": 44, "object_id": "1", "object_repr": "Правило валидации Nº1", "action_flag": 2, "change_message": "[{\"changed\": {\"fields\": [\"\\u0414\\u0430\\u0442\\u0430 \\u0438\\u0441\\u0442\\u0435\\u0447\\u0435\\u043d\\u0438\\u044f\"]}}]"}}, {"model": "admin.logentry", "pk": 280, "fields": {"action_time": "2020-11-19T07:19:16.299Z", "user": 1, "content_type": 48, "object_id": "1", "object_repr": "Сет правил Nº1", "action_flag": 2, "change_message": "[]"}}, {"model": "admin.logentry", "pk": 281, "fields": {"action_time": "2020-11-19T07:19:17.674Z", "user": 1, "content_type": 47, "object_id": "8", "object_repr": "74B5P0LT4BED", "action_flag": 2, "change_message": "[]"}}, {"model": "admin.logentry", "pk": 282, "fields": {"action_time": "2020-11-19T07:37:47.329Z", "user": 1, "content_type": 34, "object_id": "2", "object_repr": "sdfsdfs", "action_flag": 1, "change_message": "[{\"added\": {}}]"}}, {"model": "admin.logentry", "pk": 283, "fields": {"action_time": "2020-11-19T08:41:25.564Z", "user": 1, "content_type": 34, "object_id": "2", "object_repr": "sdfsdfs", "action_flag": 2, "change_message": "[{\"changed\": {\"fields\": [\"\\u0413\\u043b\\u0430\\u0432\\u043d\\u044b\\u0439\"]}}]"}}, {"model": "admin.logentry", "pk": 284, "fields": {"action_time": "2020-11-19T08:43:03.013Z", "user": 1, "content_type": 33, "object_id": "1", "object_repr": "example", "action_flag": 2, "change_message": "[{\"changed\": {\"fields\": [\"\\u0422\\u0435\\u043a\\u0441\\u0442 \\u043d\\u0430\\u0434 \\u043a\\u0430\\u0440\\u0442\\u0438\\u043d\\u043a\\u043e\\u0439\"]}}]"}}, {"model": "admin.logentry", "pk": 285, "fields": {"action_time": "2020-11-19T08:43:43.049Z", "user": 1, "content_type": 8, "object_id": "6", "object_repr": "Праздничные платья", "action_flag": 2, "change_message": "[{\"changed\": {\"fields\": [\"\\u041d\\u0430\\u0437\\u0432\\u0430\\u043d\\u0438\\u0435\", \"\\u041d\\u0430\\u0437\\u0432\\u0430\\u043d\\u0438\\u0435 (\\u043b\\u0430\\u0442.)\"]}}]"}}, {"model": "admin.logentry", "pk": 286, "fields": {"action_time": "2020-11-19T08:44:14.521Z", "user": 1, "content_type": 8, "object_id": "2", "object_repr": "Повседневные платья", "action_flag": 2, "change_message": "[{\"changed\": {\"fields\": [\"\\u041d\\u0430\\u0437\\u0432\\u0430\\u043d\\u0438\\u0435\", \"\\u041d\\u0430\\u0437\\u0432\\u0430\\u043d\\u0438\\u0435 (\\u043b\\u0430\\u0442.)\"]}}]"}}, {"model": "admin.logentry", "pk": 287, "fields": {"action_time": "2020-11-19T08:54:41.831Z", "user": 1, "content_type": 8, "object_id": "4", "object_repr": "Трусики на подгузники", "action_flag": 2, "change_message": "[{\"changed\": {\"fields\": [\"SEO \\u041d\\u0430\\u0437\\u0432\\u0430\\u043d\\u0438\\u0435\", \"SEO \\u041e\\u043f\\u0438\\u0441\\u0430\\u043d\\u0438\\u0435\", \"\\u041d\\u0430\\u0437\\u0432\\u0430\\u043d\\u0438\\u0435\", \"\\u041d\\u0430\\u0437\\u0432\\u0430\\u043d\\u0438\\u0435 (\\u043b\\u0430\\u0442.)\"]}}]"}}, {"model": "admin.logentry", "pk": 288, "fields": {"action_time": "2020-11-19T08:56:34.188Z", "user": 1, "content_type": 8, "object_id": "3", "object_repr": "Повязки", "action_flag": 2, "change_message": "[{\"changed\": {\"fields\": [\"SEO \\u041d\\u0430\\u0437\\u0432\\u0430\\u043d\\u0438\\u0435\", \"SEO \\u041e\\u043f\\u0438\\u0441\\u0430\\u043d\\u0438\\u0435\", \"\\u041d\\u0430\\u0437\\u0432\\u0430\\u043d\\u0438\\u0435\", \"\\u041d\\u0430\\u0437\\u0432\\u0430\\u043d\\u0438\\u0435 (\\u043b\\u0430\\u0442.)\"]}}]"}}, {"model": "admin.logentry", "pk": 289, "fields": {"action_time": "2020-12-05T13:19:42.037Z", "user": 1, "content_type": 8, "object_id": "5", "object_repr": "Перчатки и браслеты", "action_flag": 3, "change_message": ""}}, {"model": "admin.logentry", "pk": 290, "fields": {"action_time": "2020-12-05T13:22:42.092Z", "user": 1, "content_type": 8, "object_id": "8", "object_repr": "Заколки", "action_flag": 1, "change_message": "[{\"added\": {}}]"}}, {"model": "admin.logentry", "pk": 291, "fields": {"action_time": "2020-12-05T13:32:34.818Z", "user": 1, "content_type": 9, "object_id": "4", "object_repr": "Джелато", "action_flag": 2, "change_message": "[{\"changed\": {\"fields\": [\"\\u041e\\u043f\\u0438\\u0441\\u0430\\u043d\\u0438\\u0435\"]}}, {\"changed\": {\"name\": \"\\u0444\\u043e\\u0442\\u043e \\u0442\\u043e\\u0432\\u0430\\u0440\\u0430\", \"object\": \"Gallery object (11)\", \"fields\": [\"\\u0424\\u043e\\u0442\\u043e\"]}}, {\"changed\": {\"name\": \"\\u0444\\u043e\\u0442\\u043e \\u0442\\u043e\\u0432\\u0430\\u0440\\u0430\", \"object\": \"Gallery object (12)\", \"fields\": [\"\\u0424\\u043e\\u0442\\u043e\"]}}]"}}, {"model": "admin.logentry", "pk": 292, "fields": {"action_time": "2020-12-05T13:33:17.975Z", "user": 1, "content_type": 9, "object_id": "6", "object_repr": "Карамелька", "action_flag": 2, "change_message": "[{\"changed\": {\"fields\": [\"\\u041e\\u043f\\u0438\\u0441\\u0430\\u043d\\u0438\\u0435\"]}}, {\"changed\": {\"name\": \"\\u0444\\u043e\\u0442\\u043e \\u0442\\u043e\\u0432\\u0430\\u0440\\u0430\", \"object\": \"Gallery object (17)\", \"fields\": [\"\\u0424\\u043e\\u0442\\u043e\"]}}, {\"changed\": {\"name\": \"\\u0444\\u043e\\u0442\\u043e \\u0442\\u043e\\u0432\\u0430\\u0440\\u0430\", \"object\": \"Gallery object (18)\", \"fields\": [\"\\u0424\\u043e\\u0442\\u043e\"]}}, {\"changed\": {\"name\": \"\\u0444\\u043e\\u0442\\u043e \\u0442\\u043e\\u0432\\u0430\\u0440\\u0430\", \"object\": \"Gallery object (19)\", \"fields\": [\"\\u0424\\u043e\\u0442\\u043e\"]}}, {\"changed\": {\"name\": \"\\u0444\\u043e\\u0442\\u043e \\u0442\\u043e\\u0432\\u0430\\u0440\\u0430\", \"object\": \"Gallery object (20)\", \"fields\": [\"\\u0424\\u043e\\u0442\\u043e\"]}}]"}}, {"model": "admin.logentry", "pk": 293, "fields": {"action_time": "2020-12-05T13:33:49.016Z", "user": 1, "content_type": 9, "object_id": "7", "object_repr": "Кексик", "action_flag": 2, "change_message": "[{\"changed\": {\"fields\": [\"\\u041e\\u043f\\u0438\\u0441\\u0430\\u043d\\u0438\\u0435\"]}}, {\"changed\": {\"name\": \"\\u0444\\u043e\\u0442\\u043e \\u0442\\u043e\\u0432\\u0430\\u0440\\u0430\", \"object\": \"Gallery object (21)\", \"fields\": [\"\\u0424\\u043e\\u0442\\u043e\"]}}, {\"changed\": {\"name\": \"\\u0444\\u043e\\u0442\\u043e \\u0442\\u043e\\u0432\\u0430\\u0440\\u0430\", \"object\": \"Gallery object (22)\", \"fields\": [\"\\u0424\\u043e\\u0442\\u043e\"]}}, {\"changed\": {\"name\": \"\\u0444\\u043e\\u0442\\u043e \\u0442\\u043e\\u0432\\u0430\\u0440\\u0430\", \"object\": \"Gallery object (23)\", \"fields\": [\"\\u0424\\u043e\\u0442\\u043e\"]}}, {\"changed\": {\"name\": \"\\u0444\\u043e\\u0442\\u043e \\u0442\\u043e\\u0432\\u0430\\u0440\\u0430\", \"object\": \"Gallery object (24)\", \"fields\": [\"\\u0424\\u043e\\u0442\\u043e\"]}}]"}}, {"model": "admin.logentry", "pk": 294, "fields": {"action_time": "2020-12-05T13:34:11.850Z", "user": 1, "content_type": 9, "object_id": "8", "object_repr": "Клубника", "action_flag": 2, "change_message": "[{\"changed\": {\"fields\": [\"\\u041e\\u043f\\u0438\\u0441\\u0430\\u043d\\u0438\\u0435\"]}}, {\"changed\": {\"name\": \"\\u0444\\u043e\\u0442\\u043e \\u0442\\u043e\\u0432\\u0430\\u0440\\u0430\", \"object\": \"Gallery object (25)\", \"fields\": [\"\\u0424\\u043e\\u0442\\u043e\"]}}, {\"changed\": {\"name\": \"\\u0444\\u043e\\u0442\\u043e \\u0442\\u043e\\u0432\\u0430\\u0440\\u0430\", \"object\": \"Gallery object (26)\", \"fields\": [\"\\u0424\\u043e\\u0442\\u043e\"]}}, {\"changed\": {\"name\": \"\\u0444\\u043e\\u0442\\u043e \\u0442\\u043e\\u0432\\u0430\\u0440\\u0430\", \"object\": \"Gallery object (27)\", \"fields\": [\"\\u0424\\u043e\\u0442\\u043e\"]}}]"}}, {"model": "admin.logentry", "pk": 295, "fields": {"action_time": "2020-12-05T13:35:22.140Z", "user": 1, "content_type": 9, "object_id": "5", "object_repr": "Ириска", "action_flag": 2, "change_message": "[{\"changed\": {\"fields\": [\"\\u041e\\u043f\\u0438\\u0441\\u0430\\u043d\\u0438\\u0435\"]}}, {\"changed\": {\"name\": \"\\u0444\\u043e\\u0442\\u043e \\u0442\\u043e\\u0432\\u0430\\u0440\\u0430\", \"object\": \"Gallery object (13)\", \"fields\": [\"\\u0424\\u043e\\u0442\\u043e\"]}}, {\"changed\": {\"name\": \"\\u0444\\u043e\\u0442\\u043e \\u0442\\u043e\\u0432\\u0430\\u0440\\u0430\", \"object\": \"Gallery object (14)\", \"fields\": [\"\\u0424\\u043e\\u0442\\u043e\"]}}, {\"changed\": {\"name\": \"\\u0444\\u043e\\u0442\\u043e \\u0442\\u043e\\u0432\\u0430\\u0440\\u0430\", \"object\": \"Gallery object (15)\", \"fields\": [\"\\u0424\\u043e\\u0442\\u043e\"]}}, {\"changed\": {\"name\": \"\\u0444\\u043e\\u0442\\u043e \\u0442\\u043e\\u0432\\u0430\\u0440\\u0430\", \"object\": \"Gallery object (16)\", \"fields\": [\"\\u0424\\u043e\\u0442\\u043e\"]}}]"}}, {"model": "admin.logentry", "pk": 296, "fields": {"action_time": "2020-12-05T13:42:31.048Z", "user": 1, "content_type": 9, "object_id": "9", "object_repr": "Конфетка", "action_flag": 2, "change_message": "[{\"changed\": {\"fields\": [\"\\u041e\\u043f\\u0438\\u0441\\u0430\\u043d\\u0438\\u0435\"]}}, {\"changed\": {\"name\": \"\\u0444\\u043e\\u0442\\u043e \\u0442\\u043e\\u0432\\u0430\\u0440\\u0430\", \"object\": \"Gallery object (30)\", \"fields\": [\"\\u0424\\u043e\\u0442\\u043e\"]}}, {\"changed\": {\"name\": \"\\u0444\\u043e\\u0442\\u043e \\u0442\\u043e\\u0432\\u0430\\u0440\\u0430\", \"object\": \"Gallery object (31)\", \"fields\": [\"\\u0424\\u043e\\u0442\\u043e\"]}}]"}}, {"model": "admin.logentry", "pk": 297, "fields": {"action_time": "2020-12-05T13:43:42.735Z", "user": 1, "content_type": 9, "object_id": "10", "object_repr": "Леденец", "action_flag": 2, "change_message": "[{\"changed\": {\"name\": \"\\u0444\\u043e\\u0442\\u043e \\u0442\\u043e\\u0432\\u0430\\u0440\\u0430\", \"object\": \"Gallery object (32)\", \"fields\": [\"\\u0424\\u043e\\u0442\\u043e\"]}}, {\"changed\": {\"name\": \"\\u0444\\u043e\\u0442\\u043e \\u0442\\u043e\\u0432\\u0430\\u0440\\u0430\", \"object\": \"Gallery object (33)\", \"fields\": [\"\\u0424\\u043e\\u0442\\u043e\"]}}, {\"changed\": {\"name\": \"\\u0444\\u043e\\u0442\\u043e \\u0442\\u043e\\u0432\\u0430\\u0440\\u0430\", \"object\": \"Gallery object (34)\", \"fields\": [\"\\u0424\\u043e\\u0442\\u043e\"]}}]"}}, {"model": "admin.logentry", "pk": 298, "fields": {"action_time": "2020-12-05T13:44:35.644Z", "user": 1, "content_type": 9, "object_id": "11", "object_repr": "Макарон", "action_flag": 2, "change_message": "[{\"changed\": {\"name\": \"\\u0444\\u043e\\u0442\\u043e \\u0442\\u043e\\u0432\\u0430\\u0440\\u0430\", \"object\": \"Gallery object (36)\", \"fields\": [\"\\u0424\\u043e\\u0442\\u043e\"]}}, {\"changed\": {\"name\": \"\\u0444\\u043e\\u0442\\u043e \\u0442\\u043e\\u0432\\u0430\\u0440\\u0430\", \"object\": \"Gallery object (37)\", \"fields\": [\"\\u0424\\u043e\\u0442\\u043e\"]}}, {\"changed\": {\"name\": \"\\u0444\\u043e\\u0442\\u043e \\u0442\\u043e\\u0432\\u0430\\u0440\\u0430\", \"object\": \"Gallery object (38)\", \"fields\": [\"\\u0424\\u043e\\u0442\\u043e\"]}}]"}}, {"model": "admin.logentry", "pk": 299, "fields": {"action_time": "2020-12-05T13:46:19.517Z", "user": 1, "content_type": 9, "object_id": "13", "object_repr": "Пастила", "action_flag": 2, "change_message": "[{\"changed\": {\"fields\": [\"\\u041e\\u043f\\u0438\\u0441\\u0430\\u043d\\u0438\\u0435\"]}}]"}}, {"model": "admin.logentry", "pk": 300, "fields": {"action_time": "2020-12-05T13:47:24.438Z", "user": 1, "content_type": 9, "object_id": "13", "object_repr": "Пастила", "action_flag": 2, "change_message": "[{\"changed\": {\"name\": \"\\u0444\\u043e\\u0442\\u043e \\u0442\\u043e\\u0432\\u0430\\u0440\\u0430\", \"object\": \"Gallery object (43)\", \"fields\": [\"\\u0424\\u043e\\u0442\\u043e\"]}}]"}}, {"model": "admin.logentry", "pk": 301, "fields": {"action_time": "2020-12-05T13:48:22.955Z", "user": 1, "content_type": 9, "object_id": "14", "object_repr": "Пирожное", "action_flag": 2, "change_message": "[{\"changed\": {\"fields\": [\"\\u041e\\u043f\\u0438\\u0441\\u0430\\u043d\\u0438\\u0435\"]}}, {\"changed\": {\"name\": \"\\u0444\\u043e\\u0442\\u043e \\u0442\\u043e\\u0432\\u0430\\u0440\\u0430\", \"object\": \"Gallery object (44)\", \"fields\": [\"\\u0424\\u043e\\u0442\\u043e\"]}}, {\"changed\": {\"name\": \"\\u0444\\u043e\\u0442\\u043e \\u0442\\u043e\\u0432\\u0430\\u0440\\u0430\", \"object\": \"Gallery object (45)\", \"fields\": [\"\\u0424\\u043e\\u0442\\u043e\"]}}, {\"changed\": {\"name\": \"\\u0444\\u043e\\u0442\\u043e \\u0442\\u043e\\u0432\\u0430\\u0440\\u0430\", \"object\": \"Gallery object (46)\", \"fields\": [\"\\u0424\\u043e\\u0442\\u043e\"]}}]"}}, {"model": "admin.logentry", "pk": 302, "fields": {"action_time": "2020-12-05T13:49:09.709Z", "user": 1, "content_type": 9, "object_id": "15", "object_repr": "Солоха", "action_flag": 2, "change_message": "[{\"changed\": {\"name\": \"\\u0444\\u043e\\u0442\\u043e \\u0442\\u043e\\u0432\\u0430\\u0440\\u0430\", \"object\": \"Gallery object (47)\", \"fields\": [\"\\u0424\\u043e\\u0442\\u043e\"]}}, {\"changed\": {\"name\": \"\\u0444\\u043e\\u0442\\u043e \\u0442\\u043e\\u0432\\u0430\\u0440\\u0430\", \"object\": \"Gallery object (48)\", \"fields\": [\"\\u0424\\u043e\\u0442\\u043e\"]}}, {\"changed\": {\"name\": \"\\u0444\\u043e\\u0442\\u043e \\u0442\\u043e\\u0432\\u0430\\u0440\\u0430\", \"object\": \"Gallery object (49)\", \"fields\": [\"\\u0424\\u043e\\u0442\\u043e\"]}}, {\"changed\": {\"name\": \"\\u0444\\u043e\\u0442\\u043e \\u0442\\u043e\\u0432\\u0430\\u0440\\u0430\", \"object\": \"Gallery object (50)\", \"fields\": [\"\\u0424\\u043e\\u0442\\u043e\"]}}, {\"changed\": {\"name\": \"\\u0444\\u043e\\u0442\\u043e \\u0442\\u043e\\u0432\\u0430\\u0440\\u0430\", \"object\": \"Gallery object (51)\", \"fields\": [\"\\u0424\\u043e\\u0442\\u043e\"]}}]"}}, {"model": "admin.logentry", "pk": 303, "fields": {"action_time": "2020-12-05T13:49:43.148Z", "user": 1, "content_type": 9, "object_id": "12", "object_repr": "Марципан", "action_flag": 2, "change_message": "[{\"changed\": {\"fields\": [\"\\u041e\\u043f\\u0438\\u0441\\u0430\\u043d\\u0438\\u0435\"]}}, {\"changed\": {\"name\": \"\\u0444\\u043e\\u0442\\u043e \\u0442\\u043e\\u0432\\u0430\\u0440\\u0430\", \"object\": \"Gallery object (39)\", \"fields\": [\"\\u0424\\u043e\\u0442\\u043e\"]}}, {\"changed\": {\"name\": \"\\u0444\\u043e\\u0442\\u043e \\u0442\\u043e\\u0432\\u0430\\u0440\\u0430\", \"object\": \"Gallery object (40)\", \"fields\": [\"\\u0424\\u043e\\u0442\\u043e\"]}}]"}}, {"model": "admin.logentry", "pk": 304, "fields": {"action_time": "2020-12-05T13:50:13.858Z", "user": 1, "content_type": 9, "object_id": "3", "object_repr": "Пастила Family look", "action_flag": 2, "change_message": "[{\"changed\": {\"name\": \"\\u0444\\u043e\\u0442\\u043e \\u0442\\u043e\\u0432\\u0430\\u0440\\u0430\", \"object\": \"Gallery object (8)\", \"fields\": [\"\\u0424\\u043e\\u0442\\u043e\"]}}, {\"changed\": {\"name\": \"\\u0444\\u043e\\u0442\\u043e \\u0442\\u043e\\u0432\\u0430\\u0440\\u0430\", \"object\": \"Gallery object (9)\", \"fields\": [\"\\u0424\\u043e\\u0442\\u043e\"]}}, {\"changed\": {\"name\": \"\\u0444\\u043e\\u0442\\u043e \\u0442\\u043e\\u0432\\u0430\\u0440\\u0430\", \"object\": \"Gallery object (10)\", \"fields\": [\"\\u0424\\u043e\\u0442\\u043e\"]}}]"}}, {"model": "admin.logentry", "pk": 305, "fields": {"action_time": "2020-12-05T13:51:48.988Z", "user": 1, "content_type": 9, "object_id": "11", "object_repr": "Макарон", "action_flag": 2, "change_message": "[{\"changed\": {\"fields\": [\"\\u041e\\u043f\\u0438\\u0441\\u0430\\u043d\\u0438\\u0435\"]}}]"}}, {"model": "admin.logentry", "pk": 306, "fields": {"action_time": "2020-12-05T15:19:44.153Z", "user": 1, "content_type": 34, "object_id": "1", "object_repr": "акция", "action_flag": 2, "change_message": "[{\"changed\": {\"fields\": [\"Video\"]}}]"}}, {"model": "admin.logentry", "pk": 307, "fields": {"action_time": "2020-12-05T15:20:06.846Z", "user": 1, "content_type": 34, "object_id": "2", "object_repr": "sdfsdfs", "action_flag": 3, "change_message": ""}}, {"model": "admin.logentry", "pk": 308, "fields": {"action_time": "2020-12-07T16:45:51.905Z", "user": 1, "content_type": 27, "object_id": "1", "object_repr": "asdfsdf", "action_flag": 2, "change_message": "[{\"changed\": {\"fields\": [\"\\u041e\\u0442\\u0432\\u0435\\u0442\"]}}]"}}, {"model": "admin.logentry", "pk": 309, "fields": {"action_time": "2020-12-07T16:46:29.537Z", "user": 1, "content_type": 27, "object_id": "2", "object_repr": "Kogda budet let", "action_flag": 1, "change_message": "[{\"added\": {}}]"}}, {"model": "auth.permission", "pk": 1, "fields": {"name": "Can add log entry", "content_type": 1, "codename": "add_logentry"}}, {"model": "auth.permission", "pk": 2, "fields": {"name": "Can change log entry", "content_type": 1, "codename": "change_logentry"}}, {"model": "auth.permission", "pk": 3, "fields": {"name": "Can delete log entry", "content_type": 1, "codename": "delete_logentry"}}, {"model": "auth.permission", "pk": 4, "fields": {"name": "Can view log entry", "content_type": 1, "codename": "view_logentry"}}, {"model": "auth.permission", "pk": 5, "fields": {"name": "Can add permission", "content_type": 2, "codename": "add_permission"}}, {"model": "auth.permission", "pk": 6, "fields": {"name": "Can change permission", "content_type": 2, "codename": "change_permission"}}, {"model": "auth.permission", "pk": 7, "fields": {"name": "Can delete permission", "content_type": 2, "codename": "delete_permission"}}, {"model": "auth.permission", "pk": 8, "fields": {"name": "Can view permission", "content_type": 2, "codename": "view_permission"}}, {"model": "auth.permission", "pk": 9, "fields": {"name": "Can add group", "content_type": 3, "codename": "add_group"}}, {"model": "auth.permission", "pk": 10, "fields": {"name": "Can change group", "content_type": 3, "codename": "change_group"}}, {"model": "auth.permission", "pk": 11, "fields": {"name": "Can delete group", "content_type": 3, "codename": "delete_group"}}, {"model": "auth.permission", "pk": 12, "fields": {"name": "Can view group", "content_type": 3, "codename": "view_group"}}, {"model": "auth.permission", "pk": 13, "fields": {"name": "Can add user", "content_type": 4, "codename": "add_user"}}, {"model": "auth.permission", "pk": 14, "fields": {"name": "Can change user", "content_type": 4, "codename": "change_user"}}, {"model": "auth.permission", "pk": 15, "fields": {"name": "Can delete user", "content_type": 4, "codename": "delete_user"}}, {"model": "auth.permission", "pk": 16, "fields": {"name": "Can view user", "content_type": 4, "codename": "view_user"}}, {"model": "auth.permission", "pk": 17, "fields": {"name": "Can add content type", "content_type": 5, "codename": "add_contenttype"}}, {"model": "auth.permission", "pk": 18, "fields": {"name": "Can change content type", "content_type": 5, "codename": "change_contenttype"}}, {"model": "auth.permission", "pk": 19, "fields": {"name": "Can delete content type", "content_type": 5, "codename": "delete_contenttype"}}, {"model": "auth.permission", "pk": 20, "fields": {"name": "Can view content type", "content_type": 5, "codename": "view_contenttype"}}, {"model": "auth.permission", "pk": 21, "fields": {"name": "Can add session", "content_type": 6, "codename": "add_session"}}, {"model": "auth.permission", "pk": 22, "fields": {"name": "Can change session", "content_type": 6, "codename": "change_session"}}, {"model": "auth.permission", "pk": 23, "fields": {"name": "Can delete session", "content_type": 6, "codename": "delete_session"}}, {"model": "auth.permission", "pk": 24, "fields": {"name": "Can view session", "content_type": 6, "codename": "view_session"}}, {"model": "auth.permission", "pk": 25, "fields": {"name": "Can add site", "content_type": 7, "codename": "add_site"}}, {"model": "auth.permission", "pk": 26, "fields": {"name": "Can change site", "content_type": 7, "codename": "change_site"}}, {"model": "auth.permission", "pk": 27, "fields": {"name": "Can delete site", "content_type": 7, "codename": "delete_site"}}, {"model": "auth.permission", "pk": 28, "fields": {"name": "Can view site", "content_type": 7, "codename": "view_site"}}, {"model": "auth.permission", "pk": 29, "fields": {"name": "Can add категория", "content_type": 8, "codename": "add_category"}}, {"model": "auth.permission", "pk": 30, "fields": {"name": "Can change категория", "content_type": 8, "codename": "change_category"}}, {"model": "auth.permission", "pk": 31, "fields": {"name": "Can delete категория", "content_type": 8, "codename": "delete_category"}}, {"model": "auth.permission", "pk": 32, "fields": {"name": "Can view категория", "content_type": 8, "codename": "view_category"}}, {"model": "auth.permission", "pk": 33, "fields": {"name": "Can add товар", "content_type": 9, "codename": "add_product"}}, {"model": "auth.permission", "pk": 34, "fields": {"name": "Can change товар", "content_type": 9, "codename": "change_product"}}, {"model": "auth.permission", "pk": 35, "fields": {"name": "Can delete товар", "content_type": 9, "codename": "delete_product"}}, {"model": "auth.permission", "pk": 36, "fields": {"name": "Can view товар", "content_type": 9, "codename": "view_product"}}, {"model": "auth.permission", "pk": 37, "fields": {"name": "Can add отзыв", "content_type": 10, "codename": "add_review"}}, {"model": "auth.permission", "pk": 38, "fields": {"name": "Can change отзыв", "content_type": 10, "codename": "change_review"}}, {"model": "auth.permission", "pk": 39, "fields": {"name": "Can delete отзыв", "content_type": 10, "codename": "delete_review"}}, {"model": "auth.permission", "pk": 40, "fields": {"name": "Can view отзыв", "content_type": 10, "codename": "view_review"}}, {"model": "auth.permission", "pk": 41, "fields": {"name": "Can add фото товара", "content_type": 11, "codename": "add_gallery"}}, {"model": "auth.permission", "pk": 42, "fields": {"name": "Can change фото товара", "content_type": 11, "codename": "change_gallery"}}, {"model": "auth.permission", "pk": 43, "fields": {"name": "Can delete фото товара", "content_type": 11, "codename": "delete_gallery"}}, {"model": "auth.permission", "pk": 44, "fields": {"name": "Can view фото товара", "content_type": 11, "codename": "view_gallery"}}, {"model": "auth.permission", "pk": 45, "fields": {"name": "Can add цвет", "content_type": 12, "codename": "add_color"}}, {"model": "auth.permission", "pk": 46, "fields": {"name": "Can change цвет", "content_type": 12, "codename": "change_color"}}, {"model": "auth.permission", "pk": 47, "fields": {"name": "Can delete цвет", "content_type": 12, "codename": "delete_color"}}, {"model": "auth.permission", "pk": 48, "fields": {"name": "Can view цвет", "content_type": 12, "codename": "view_color"}}, {"model": "auth.permission", "pk": 49, "fields": {"name": "Can add colors", "content_type": 13, "codename": "add_colors"}}, {"model": "auth.permission", "pk": 50, "fields": {"name": "Can change colors", "content_type": 13, "codename": "change_colors"}}, {"model": "auth.permission", "pk": 51, "fields": {"name": "Can delete colors", "content_type": 13, "codename": "delete_colors"}}, {"model": "auth.permission", "pk": 52, "fields": {"name": "Can view colors", "content_type": 13, "codename": "view_colors"}}, {"model": "auth.permission", "pk": 53, "fields": {"name": "Can add материал", "content_type": 14, "codename": "add_material"}}, {"model": "auth.permission", "pk": 54, "fields": {"name": "Can change материал", "content_type": 14, "codename": "change_material"}}, {"model": "auth.permission", "pk": 55, "fields": {"name": "Can delete материал", "content_type": 14, "codename": "delete_material"}}, {"model": "auth.permission", "pk": 56, "fields": {"name": "Can view материал", "content_type": 14, "codename": "view_material"}}, {"model": "auth.permission", "pk": 57, "fields": {"name": "Can add модель изделия", "content_type": 15, "codename": "add_model"}}, {"model": "auth.permission", "pk": 58, "fields": {"name": "Can change модель изделия", "content_type": 15, "codename": "change_model"}}, {"model": "auth.permission", "pk": 59, "fields": {"name": "Can delete модель изделия", "content_type": 15, "codename": "delete_model"}}, {"model": "auth.permission", "pk": 60, "fields": {"name": "Can view модель изделия", "content_type": 15, "codename": "view_model"}}, {"model": "auth.permission", "pk": 61, "fields": {"name": "Can add тэг", "content_type": 16, "codename": "add_tag"}}, {"model": "auth.permission", "pk": 62, "fields": {"name": "Can change тэг", "content_type": 16, "codename": "change_tag"}}, {"model": "auth.permission", "pk": 63, "fields": {"name": "Can delete тэг", "content_type": 16, "codename": "delete_tag"}}, {"model": "auth.permission", "pk": 64, "fields": {"name": "Can view тэг", "content_type": 16, "codename": "view_tag"}}, {"model": "auth.permission", "pk": 65, "fields": {"name": "Can add size", "content_type": 17, "codename": "add_size"}}, {"model": "auth.permission", "pk": 66, "fields": {"name": "Can change size", "content_type": 17, "codename": "change_size"}}, {"model": "auth.permission", "pk": 67, "fields": {"name": "Can delete size", "content_type": 17, "codename": "delete_size"}}, {"model": "auth.permission", "pk": 68, "fields": {"name": "Can view size", "content_type": 17, "codename": "view_size"}}, {"model": "auth.permission", "pk": 69, "fields": {"name": "Can add ответ на отзыв", "content_type": 18, "codename": "add_reviewresponse"}}, {"model": "auth.permission", "pk": 70, "fields": {"name": "Can change ответ на отзыв", "content_type": 18, "codename": "change_reviewresponse"}}, {"model": "auth.permission", "pk": 71, "fields": {"name": "Can delete ответ на отзыв", "content_type": 18, "codename": "delete_reviewresponse"}}, {"model": "auth.permission", "pk": 72, "fields": {"name": "Can view ответ на отзыв", "content_type": 18, "codename": "view_reviewresponse"}}, {"model": "auth.permission", "pk": 73, "fields": {"name": "Can add сет товара", "content_type": 19, "codename": "add_productset"}}, {"model": "auth.permission", "pk": 74, "fields": {"name": "Can change сет товара", "content_type": 19, "codename": "change_productset"}}, {"model": "auth.permission", "pk": 75, "fields": {"name": "Can delete сет товара", "content_type": 19, "codename": "delete_productset"}}, {"model": "auth.permission", "pk": 76, "fields": {"name": "Can view сет товара", "content_type": 19, "codename": "view_productset"}}, {"model": "auth.permission", "pk": 77, "fields": {"name": "Can add size set", "content_type": 20, "codename": "add_sizeset"}}, {"model": "auth.permission", "pk": 78, "fields": {"name": "Can change size set", "content_type": 20, "codename": "change_sizeset"}}, {"model": "auth.permission", "pk": 79, "fields": {"name": "Can delete size set", "content_type": 20, "codename": "delete_sizeset"}}, {"model": "auth.permission", "pk": 80, "fields": {"name": "Can view size set", "content_type": 20, "codename": "view_sizeset"}}, {"model": "auth.permission", "pk": 81, "fields": {"name": "Can add заказ", "content_type": 21, "codename": "add_order"}}, {"model": "auth.permission", "pk": 82, "fields": {"name": "Can change заказ", "content_type": 21, "codename": "change_order"}}, {"model": "auth.permission", "pk": 83, "fields": {"name": "Can delete заказ", "content_type": 21, "codename": "delete_order"}}, {"model": "auth.permission", "pk": 84, "fields": {"name": "Can view заказ", "content_type": 21, "codename": "view_order"}}, {"model": "auth.permission", "pk": 85, "fields": {"name": "Can add order item", "content_type": 22, "codename": "add_orderitem"}}, {"model": "auth.permission", "pk": 86, "fields": {"name": "Can change order item", "content_type": 22, "codename": "change_orderitem"}}, {"model": "auth.permission", "pk": 87, "fields": {"name": "Can delete order item", "content_type": 22, "codename": "delete_orderitem"}}, {"model": "auth.permission", "pk": 88, "fields": {"name": "Can view order item", "content_type": 22, "codename": "view_orderitem"}}, {"model": "auth.permission", "pk": 89, "fields": {"name": "Can add купон", "content_type": 23, "codename": "add_coupon"}}, {"model": "auth.permission", "pk": 90, "fields": {"name": "Can change купон", "content_type": 23, "codename": "change_coupon"}}, {"model": "auth.permission", "pk": 91, "fields": {"name": "Can delete купон", "content_type": 23, "codename": "delete_coupon"}}, {"model": "auth.permission", "pk": 92, "fields": {"name": "Can view купон", "content_type": 23, "codename": "view_coupon"}}, {"model": "auth.permission", "pk": 93, "fields": {"name": "Can add лист желаний", "content_type": 24, "codename": "add_wishlist"}}, {"model": "auth.permission", "pk": 94, "fields": {"name": "Can change лист желаний", "content_type": 24, "codename": "change_wishlist"}}, {"model": "auth.permission", "pk": 95, "fields": {"name": "Can delete лист желаний", "content_type": 24, "codename": "delete_wishlist"}}, {"model": "auth.permission", "pk": 96, "fields": {"name": "Can view лист желаний", "content_type": 24, "codename": "view_wishlist"}}, {"model": "auth.permission", "pk": 97, "fields": {"name": "Can add желание", "content_type": 25, "codename": "add_wishlistitem"}}, {"model": "auth.permission", "pk": 98, "fields": {"name": "Can change желание", "content_type": 25, "codename": "change_wishlistitem"}}, {"model": "auth.permission", "pk": 99, "fields": {"name": "Can delete желание", "content_type": 25, "codename": "delete_wishlistitem"}}, {"model": "auth.permission", "pk": 100, "fields": {"name": "Can view желание", "content_type": 25, "codename": "view_wishlistitem"}}, {"model": "auth.permission", "pk": 101, "fields": {"name": "Can add часто задаваемый вопрос", "content_type": 26, "codename": "add_oftenquestion"}}, {"model": "auth.permission", "pk": 102, "fields": {"name": "Can change часто задаваемый вопрос", "content_type": 26, "codename": "change_oftenquestion"}}, {"model": "auth.permission", "pk": 103, "fields": {"name": "Can delete часто задаваемый вопрос", "content_type": 26, "codename": "delete_oftenquestion"}}, {"model": "auth.permission", "pk": 104, "fields": {"name": "Can view часто задаваемый вопрос", "content_type": 26, "codename": "view_oftenquestion"}}, {"model": "auth.permission", "pk": 105, "fields": {"name": "Can add вопрос", "content_type": 27, "codename": "add_question"}}, {"model": "auth.permission", "pk": 106, "fields": {"name": "Can change вопрос", "content_type": 27, "codename": "change_question"}}, {"model": "auth.permission", "pk": 107, "fields": {"name": "Can delete вопрос", "content_type": 27, "codename": "delete_question"}}, {"model": "auth.permission", "pk": 108, "fields": {"name": "Can view вопрос", "content_type": 27, "codename": "view_question"}}, {"model": "auth.permission", "pk": 109, "fields": {"name": "Can add Главная страница", "content_type": 28, "codename": "add_firstpage"}}, {"model": "auth.permission", "pk": 110, "fields": {"name": "Can change Главная страница", "content_type": 28, "codename": "change_firstpage"}}, {"model": "auth.permission", "pk": 111, "fields": {"name": "Can delete Главная страница", "content_type": 28, "codename": "delete_firstpage"}}, {"model": "auth.permission", "pk": 112, "fields": {"name": "Can view Главная страница", "content_type": 28, "codename": "view_firstpage"}}, {"model": "auth.permission", "pk": 113, "fields": {"name": "Can add Четвертая страница", "content_type": 29, "codename": "add_servicepage"}}, {"model": "auth.permission", "pk": 114, "fields": {"name": "Can change Четвертая страница", "content_type": 29, "codename": "change_servicepage"}}, {"model": "auth.permission", "pk": 115, "fields": {"name": "Can delete Четвертая страница", "content_type": 29, "codename": "delete_servicepage"}}, {"model": "auth.permission", "pk": 116, "fields": {"name": "Can view Четвертая страница", "content_type": 29, "codename": "view_servicepage"}}, {"model": "auth.permission", "pk": 117, "fields": {"name": "Can add Пятая страница", "content_type": 30, "codename": "add_subpage"}}, {"model": "auth.permission", "pk": 118, "fields": {"name": "Can change Пятая страница", "content_type": 30, "codename": "change_subpage"}}, {"model": "auth.permission", "pk": 119, "fields": {"name": "Can delete Пятая страница", "content_type": 30, "codename": "delete_subpage"}}, {"model": "auth.permission", "pk": 120, "fields": {"name": "Can view Пятая страница", "content_type": 30, "codename": "view_subpage"}}, {"model": "auth.permission", "pk": 121, "fields": {"name": "Can add Третья страница", "content_type": 31, "codename": "add_thirdpage"}}, {"model": "auth.permission", "pk": 122, "fields": {"name": "Can change Третья страница", "content_type": 31, "codename": "change_thirdpage"}}, {"model": "auth.permission", "pk": 123, "fields": {"name": "Can delete Третья страница", "content_type": 31, "codename": "delete_thirdpage"}}, {"model": "auth.permission", "pk": 124, "fields": {"name": "Can view Третья страница", "content_type": 31, "codename": "view_thirdpage"}}, {"model": "auth.permission", "pk": 125, "fields": {"name": "Can add top products", "content_type": 32, "codename": "add_topproducts"}}, {"model": "auth.permission", "pk": 126, "fields": {"name": "Can change top products", "content_type": 32, "codename": "change_topproducts"}}, {"model": "auth.permission", "pk": 127, "fields": {"name": "Can delete top products", "content_type": 32, "codename": "delete_topproducts"}}, {"model": "auth.permission", "pk": 128, "fields": {"name": "Can view top products", "content_type": 32, "codename": "view_topproducts"}}, {"model": "auth.permission", "pk": 129, "fields": {"name": "Can add Вторая страница", "content_type": 33, "codename": "add_secondpage"}}, {"model": "auth.permission", "pk": 130, "fields": {"name": "Can change Вторая страница", "content_type": 33, "codename": "change_secondpage"}}, {"model": "auth.permission", "pk": 131, "fields": {"name": "Can delete Вторая страница", "content_type": 33, "codename": "delete_secondpage"}}, {"model": "auth.permission", "pk": 132, "fields": {"name": "Can view Вторая страница", "content_type": 33, "codename": "view_secondpage"}}, {"model": "auth.permission", "pk": 133, "fields": {"name": "Can add промоушн", "content_type": 34, "codename": "add_promotion"}}, {"model": "auth.permission", "pk": 134, "fields": {"name": "Can change промоушн", "content_type": 34, "codename": "change_promotion"}}, {"model": "auth.permission", "pk": 135, "fields": {"name": "Can delete промоушн", "content_type": 34, "codename": "delete_promotion"}}, {"model": "auth.permission", "pk": 136, "fields": {"name": "Can view промоушн", "content_type": 34, "codename": "view_promotion"}}, {"model": "auth.permission", "pk": 137, "fields": {"name": "Can add промо товар", "content_type": 35, "codename": "add_promoproduct"}}, {"model": "auth.permission", "pk": 138, "fields": {"name": "Can change промо товар", "content_type": 35, "codename": "change_promoproduct"}}, {"model": "auth.permission", "pk": 139, "fields": {"name": "Can delete промо товар", "content_type": 35, "codename": "delete_promoproduct"}}, {"model": "auth.permission", "pk": 140, "fields": {"name": "Can view промо товар", "content_type": 35, "codename": "view_promoproduct"}}, {"model": "auth.permission", "pk": 141, "fields": {"name": "Can add рассылка", "content_type": 36, "codename": "add_subscription"}}, {"model": "auth.permission", "pk": 142, "fields": {"name": "Can change рассылка", "content_type": 36, "codename": "change_subscription"}}, {"model": "auth.permission", "pk": 143, "fields": {"name": "Can delete рассылка", "content_type": 36, "codename": "delete_subscription"}}, {"model": "auth.permission", "pk": 144, "fields": {"name": "Can view рассылка", "content_type": 36, "codename": "view_subscription"}}, {"model": "auth.permission", "pk": 145, "fields": {"name": "Can add email address", "content_type": 37, "codename": "add_emailaddress"}}, {"model": "auth.permission", "pk": 146, "fields": {"name": "Can change email address", "content_type": 37, "codename": "change_emailaddress"}}, {"model": "auth.permission", "pk": 147, "fields": {"name": "Can delete email address", "content_type": 37, "codename": "delete_emailaddress"}}, {"model": "auth.permission", "pk": 148, "fields": {"name": "Can view email address", "content_type": 37, "codename": "view_emailaddress"}}, {"model": "auth.permission", "pk": 149, "fields": {"name": "Can add email confirmation", "content_type": 38, "codename": "add_emailconfirmation"}}, {"model": "auth.permission", "pk": 150, "fields": {"name": "Can change email confirmation", "content_type": 38, "codename": "change_emailconfirmation"}}, {"model": "auth.permission", "pk": 151, "fields": {"name": "Can delete email confirmation", "content_type": 38, "codename": "delete_emailconfirmation"}}, {"model": "auth.permission", "pk": 152, "fields": {"name": "Can view email confirmation", "content_type": 38, "codename": "view_emailconfirmation"}}, {"model": "auth.permission", "pk": 153, "fields": {"name": "Can add social account", "content_type": 39, "codename": "add_socialaccount"}}, {"model": "auth.permission", "pk": 154, "fields": {"name": "Can change social account", "content_type": 39, "codename": "change_socialaccount"}}, {"model": "auth.permission", "pk": 155, "fields": {"name": "Can delete social account", "content_type": 39, "codename": "delete_socialaccount"}}, {"model": "auth.permission", "pk": 156, "fields": {"name": "Can view social account", "content_type": 39, "codename": "view_socialaccount"}}, {"model": "auth.permission", "pk": 157, "fields": {"name": "Can add social application", "content_type": 40, "codename": "add_socialapp"}}, {"model": "auth.permission", "pk": 158, "fields": {"name": "Can change social application", "content_type": 40, "codename": "change_socialapp"}}, {"model": "auth.permission", "pk": 159, "fields": {"name": "Can delete social application", "content_type": 40, "codename": "delete_socialapp"}}, {"model": "auth.permission", "pk": 160, "fields": {"name": "Can view social application", "content_type": 40, "codename": "view_socialapp"}}, {"model": "auth.permission", "pk": 161, "fields": {"name": "Can add social application token", "content_type": 41, "codename": "add_socialtoken"}}, {"model": "auth.permission", "pk": 162, "fields": {"name": "Can change social application token", "content_type": 41, "codename": "change_socialtoken"}}, {"model": "auth.permission", "pk": 163, "fields": {"name": "Can delete social application token", "content_type": 41, "codename": "delete_socialtoken"}}, {"model": "auth.permission", "pk": 164, "fields": {"name": "Can view social application token", "content_type": 41, "codename": "view_socialtoken"}}, {"model": "auth.permission", "pk": 165, "fields": {"name": "Can add Discount", "content_type": 42, "codename": "add_discount"}}, {"model": "auth.permission", "pk": 166, "fields": {"name": "Can change Discount", "content_type": 42, "codename": "change_discount"}}, {"model": "auth.permission", "pk": 167, "fields": {"name": "Can delete Discount", "content_type": 42, "codename": "delete_discount"}}, {"model": "auth.permission", "pk": 168, "fields": {"name": "Can view Discount", "content_type": 42, "codename": "view_discount"}}, {"model": "auth.permission", "pk": 169, "fields": {"name": "Can add Allowed User Rule", "content_type": 43, "codename": "add_allowedusersrule"}}, {"model": "auth.permission", "pk": 170, "fields": {"name": "Can change Allowed User Rule", "content_type": 43, "codename": "change_allowedusersrule"}}, {"model": "auth.permission", "pk": 171, "fields": {"name": "Can delete Allowed User Rule", "content_type": 43, "codename": "delete_allowedusersrule"}}, {"model": "auth.permission", "pk": 172, "fields": {"name": "Can view Allowed User Rule", "content_type": 43, "codename": "view_allowedusersrule"}}, {"model": "auth.permission", "pk": 173, "fields": {"name": "Can add Validity Rule", "content_type": 44, "codename": "add_validityrule"}}, {"model": "auth.permission", "pk": 174, "fields": {"name": "Can change Validity Rule", "content_type": 44, "codename": "change_validityrule"}}, {"model": "auth.permission", "pk": 175, "fields": {"name": "Can delete Validity Rule", "content_type": 44, "codename": "delete_validityrule"}}, {"model": "auth.permission", "pk": 176, "fields": {"name": "Can view Validity Rule", "content_type": 44, "codename": "view_validityrule"}}, {"model": "auth.permission", "pk": 177, "fields": {"name": "Can add Coupon User", "content_type": 45, "codename": "add_couponuser"}}, {"model": "auth.permission", "pk": 178, "fields": {"name": "Can change Coupon User", "content_type": 45, "codename": "change_couponuser"}}, {"model": "auth.permission", "pk": 179, "fields": {"name": "Can delete Coupon User", "content_type": 45, "codename": "delete_couponuser"}}, {"model": "auth.permission", "pk": 180, "fields": {"name": "Can view Coupon User", "content_type": 45, "codename": "view_couponuser"}}, {"model": "auth.permission", "pk": 181, "fields": {"name": "Can add Max Uses Rule", "content_type": 46, "codename": "add_maxusesrule"}}, {"model": "auth.permission", "pk": 182, "fields": {"name": "Can change Max Uses Rule", "content_type": 46, "codename": "change_maxusesrule"}}, {"model": "auth.permission", "pk": 183, "fields": {"name": "Can delete Max Uses Rule", "content_type": 46, "codename": "delete_maxusesrule"}}, {"model": "auth.permission", "pk": 184, "fields": {"name": "Can view Max Uses Rule", "content_type": 46, "codename": "view_maxusesrule"}}, {"model": "auth.permission", "pk": 185, "fields": {"name": "Can add coupon", "content_type": 47, "codename": "add_coupon"}}, {"model": "auth.permission", "pk": 186, "fields": {"name": "Can change coupon", "content_type": 47, "codename": "change_coupon"}}, {"model": "auth.permission", "pk": 187, "fields": {"name": "Can delete coupon", "content_type": 47, "codename": "delete_coupon"}}, {"model": "auth.permission", "pk": 188, "fields": {"name": "Can view coupon", "content_type": 47, "codename": "view_coupon"}}, {"model": "auth.permission", "pk": 189, "fields": {"name": "Can add Ruleset", "content_type": 48, "codename": "add_ruleset"}}, {"model": "auth.permission", "pk": 190, "fields": {"name": "Can change Ruleset", "content_type": 48, "codename": "change_ruleset"}}, {"model": "auth.permission", "pk": 191, "fields": {"name": "Can delete Ruleset", "content_type": 48, "codename": "delete_ruleset"}}, {"model": "auth.permission", "pk": 192, "fields": {"name": "Can view Ruleset", "content_type": 48, "codename": "view_ruleset"}}, {"model": "auth.permission", "pk": 193, "fields": {"name": "Can add about", "content_type": 49, "codename": "add_about"}}, {"model": "auth.permission", "pk": 194, "fields": {"name": "Can change about", "content_type": 49, "codename": "change_about"}}, {"model": "auth.permission", "pk": 195, "fields": {"name": "Can delete about", "content_type": 49, "codename": "delete_about"}}, {"model": "auth.permission", "pk": 196, "fields": {"name": "Can view about", "content_type": 49, "codename": "view_about"}}, {"model": "auth.permission", "pk": 197, "fields": {"name": "Can add delivery", "content_type": 50, "codename": "add_delivery"}}, {"model": "auth.permission", "pk": 198, "fields": {"name": "Can change delivery", "content_type": 50, "codename": "change_delivery"}}, {"model": "auth.permission", "pk": 199, "fields": {"name": "Can delete delivery", "content_type": 50, "codename": "delete_delivery"}}, {"model": "auth.permission", "pk": 200, "fields": {"name": "Can view delivery", "content_type": 50, "codename": "view_delivery"}}, {"model": "auth.permission", "pk": 201, "fields": {"name": "Can add help", "content_type": 51, "codename": "add_help"}}, {"model": "auth.permission", "pk": 202, "fields": {"name": "Can change help", "content_type": 51, "codename": "change_help"}}, {"model": "auth.permission", "pk": 203, "fields": {"name": "Can delete help", "content_type": 51, "codename": "delete_help"}}, {"model": "auth.permission", "pk": 204, "fields": {"name": "Can view help", "content_type": 51, "codename": "view_help"}}, {"model": "auth.permission", "pk": 205, "fields": {"name": "Can add privacy", "content_type": 52, "codename": "add_privacy"}}, {"model": "auth.permission", "pk": 206, "fields": {"name": "Can change privacy", "content_type": 52, "codename": "change_privacy"}}, {"model": "auth.permission", "pk": 207, "fields": {"name": "Can delete privacy", "content_type": 52, "codename": "delete_privacy"}}, {"model": "auth.permission", "pk": 208, "fields": {"name": "Can view privacy", "content_type": 52, "codename": "view_privacy"}}, {"model": "auth.permission", "pk": 209, "fields": {"name": "Can add task result", "content_type": 53, "codename": "add_taskresult"}}, {"model": "auth.permission", "pk": 210, "fields": {"name": "Can change task result", "content_type": 53, "codename": "change_taskresult"}}, {"model": "auth.permission", "pk": 211, "fields": {"name": "Can delete task result", "content_type": 53, "codename": "delete_taskresult"}}, {"model": "auth.permission", "pk": 212, "fields": {"name": "Can view task result", "content_type": 53, "codename": "view_taskresult"}}, {"model": "auth.permission", "pk": 213, "fields": {"name": "Can add chord counter", "content_type": 54, "codename": "add_chordcounter"}}, {"model": "auth.permission", "pk": 214, "fields": {"name": "Can change chord counter", "content_type": 54, "codename": "change_chordcounter"}}, {"model": "auth.permission", "pk": 215, "fields": {"name": "Can delete chord counter", "content_type": 54, "codename": "delete_chordcounter"}}, {"model": "auth.permission", "pk": 216, "fields": {"name": "Can view chord counter", "content_type": 54, "codename": "view_chordcounter"}}, {"model": "auth.permission", "pk": 217, "fields": {"name": "Can add domain", "content_type": 55, "codename": "add_domain"}}, {"model": "auth.permission", "pk": 218, "fields": {"name": "Can change domain", "content_type": 55, "codename": "change_domain"}}, {"model": "auth.permission", "pk": 219, "fields": {"name": "Can delete domain", "content_type": 55, "codename": "delete_domain"}}, {"model": "auth.permission", "pk": 220, "fields": {"name": "Can view domain", "content_type": 55, "codename": "view_domain"}}, {"model": "auth.permission", "pk": 221, "fields": {"name": "Can add metric", "content_type": 56, "codename": "add_metric"}}, {"model": "auth.permission", "pk": 222, "fields": {"name": "Can change metric", "content_type": 56, "codename": "change_metric"}}, {"model": "auth.permission", "pk": 223, "fields": {"name": "Can delete metric", "content_type": 56, "codename": "delete_metric"}}, {"model": "auth.permission", "pk": 224, "fields": {"name": "Can view metric", "content_type": 56, "codename": "view_metric"}}, {"model": "auth.permission", "pk": 225, "fields": {"name": "Can add Statistic by date", "content_type": 57, "codename": "add_statisticbydate"}}, {"model": "auth.permission", "pk": 226, "fields": {"name": "Can change Statistic by date", "content_type": 57, "codename": "change_statisticbydate"}}, {"model": "auth.permission", "pk": 227, "fields": {"name": "Can delete Statistic by date", "content_type": 57, "codename": "delete_statisticbydate"}}, {"model": "auth.permission", "pk": 228, "fields": {"name": "Can view Statistic by date", "content_type": 57, "codename": "view_statisticbydate"}}, {"model": "auth.permission", "pk": 229, "fields": {"name": "Can add Statistic by date and object", "content_type": 58, "codename": "add_statisticbydateandobject"}}, {"model": "auth.permission", "pk": 230, "fields": {"name": "Can change Statistic by date and object", "content_type": 58, "codename": "change_statisticbydateandobject"}}, {"model": "auth.permission", "pk": 231, "fields": {"name": "Can delete Statistic by date and object", "content_type": 58, "codename": "delete_statisticbydateandobject"}}, {"model": "auth.permission", "pk": 232, "fields": {"name": "Can view Statistic by date and object", "content_type": 58, "codename": "view_statisticbydateandobject"}}, {"model": "auth.group", "pk": 1, "fields": {"name": "staff", "permissions": [145, 146, 147, 148, 149, 150, 151, 152, 1, 2, 3, 4, 9, 10, 11, 12, 5, 6, 7, 8, 13, 14, 15, 16, 17, 18, 19, 20, 89, 90, 91, 92, 169, 170, 171, 172, 185, 186, 187, 188, 177, 178, 179, 180, 165, 166, 167, 168, 181, 182, 183, 184, 189, 190, 191, 192, 173, 174, 175, 176, 141, 142, 143, 144, 193, 194, 195, 196, 197, 198, 199, 200, 201, 202, 203, 204, 101, 102, 103, 104, 205, 206, 207, 208, 105, 106, 107, 108, 81, 82, 83, 84, 85, 86, 87, 88, 109, 110, 111, 112, 137, 138, 139, 140, 133, 134, 135, 136, 129, 130, 131, 132, 113, 114, 115, 116, 117, 118, 119, 120, 121, 122, 123, 124, 125, 126, 127, 128, 21, 22, 23, 24, 29, 30, 31, 32, 45, 46, 47, 48, 49, 50, 51, 52, 41, 42, 43, 44, 53, 54, 55, 56, 57, 58, 59, 60, 33, 34, 35, 36, 73, 74, 75, 76, 37, 38, 39, 40, 69, 70, 71, 72, 61, 62, 63, 64, 93, 94, 95, 96, 97, 98, 99, 100]}}, {"model": "auth.user", "pk": 1, "fields": {"password": "pbkdf2_sha256$216000$FRGEexKYhsWT$eNqxsDSU5bfJTQpML6U3gN+RhNXV++eTGL/ZNFlhNlc=", "last_login": "2020-12-07T16:16:17.793Z", "is_superuser": true, "username": "admin", "first_name": "Bauer Dress", "last_name": "", "email": "bk.evg@mail.ru", "is_staff": true, "is_active": true, "date_joined": "2020-10-29T12:26:51Z", "groups": [], "user_permissions": []}}, {"model": "auth.user", "pk": 2, "fields": {"password": "pbkdf2_sha256$216000$7SI3N73D0PGq$fQmMQLnk1MZCIsoj4a3R3VgSUiHUd+U9ukkdyPKrp4M=", "last_login": "2020-11-19T08:38:21.412Z", "is_superuser": false, "username": "181001kirill", "first_name": "", "last_name": "", "email": "181001kirill@mail.ru", "is_staff": false, "is_active": true, "date_joined": "2020-11-02T07:22:57.628Z", "groups": [], "user_permissions": []}}, {"model": "auth.user", "pk": 3, "fields": {"password": "pbkdf2_sha256$216000$g2ElJyMo1zxG$9Skq3mjvbtsPp1xW50F9wk00rx6mP8KFQLEfrn/Ab14=", "last_login": "2020-11-05T10:10:36.851Z", "is_superuser": false, "username": "staff", "first_name": "Bauer Dress", "last_name": "", "email": "", "is_staff": true, "is_active": true, "date_joined": "2020-11-05T10:06:38Z", "groups": [1], "user_permissions": []}}, {"model": "auth.user", "pk": 4, "fields": {"password": "pbkdf2_sha256$216000$ZtplpH0Xymp0$/VSTjBK2OgPgEwtg972yKKhU5HCVSGUkf2zn9tpciuw=", "last_login": null, "is_superuser": false, "username": "BauerDress4", "first_name": "", "last_name": "", "email": "sfsdfsdf@mail.ru", "is_staff": false, "is_active": true, "date_joined": "2020-12-06T12:48:45.118Z", "groups": [], "user_permissions": []}}, {"model": "auth.user", "pk": 5, "fields": {"password": "pbkdf2_sha256$216000$dYaFDTA671Yi$5mSTgvd0Rx/NrZQp3k6peNl5TkwVc1YNakTLUND9+0o=", "last_login": null, "is_superuser": false, "username": "BauerDress5", "first_name": "", "last_name": "", "email": "sfsdfsdf@mail.ru", "is_staff": false, "is_active": true, "date_joined": "2020-12-06T12:49:27.306Z", "groups": [], "user_permissions": []}}, {"model": "auth.user", "pk": 6, "fields": {"password": "pbkdf2_sha256$216000$NG7FJcJxz19u$ZfUuRnCOvQ8MBmCSHQ7DAOIV21A0HHakeKbAwJlP52I=", "last_login": null, "is_superuser": false, "username": "BauerDress6", "first_name": "", "last_name": "", "email": "sfsdfsdf@mail.ru", "is_staff": false, "is_active": true, "date_joined": "2020-12-06T12:50:15.509Z", "groups": [], "user_permissions": []}}, {"model": "auth.user", "pk": 7, "fields": {"password": "pbkdf2_sha256$216000$TZfR2dqRRZAr$/OkijeqEwW7XRUfZv3rKDchY4/s9UgjgGy5kVzgf4cc=", "last_login": null, "is_superuser": false, "username": "BauerDress7", "first_name": "", "last_name": "", "email": "bk.evg@mail.ru", "is_staff": false, "is_active": true, "date_joined": "2020-12-07T08:08:21.882Z", "groups": [], "user_permissions": []}}, {"model": "contenttypes.contenttype", "pk": 1, "fields": {"app_label": "admin", "model": "logentry"}}, {"model": "contenttypes.contenttype", "pk": 2, "fields": {"app_label": "auth", "model": "permission"}}, {"model": "contenttypes.contenttype", "pk": 3, "fields": {"app_label": "auth", "model": "group"}}, {"model": "contenttypes.contenttype", "pk": 4, "fields": {"app_label": "auth", "model": "user"}}, {"model": "contenttypes.contenttype", "pk": 5, "fields": {"app_label": "contenttypes", "model": "contenttype"}}, {"model": "contenttypes.contenttype", "pk": 6, "fields": {"app_label": "sessions", "model": "session"}}, {"model": "contenttypes.contenttype", "pk": 7, "fields": {"app_label": "sites", "model": "site"}}, {"model": "contenttypes.contenttype", "pk": 8, "fields": {"app_label": "shop", "model": "category"}}, {"model": "contenttypes.contenttype", "pk": 9, "fields": {"app_label": "shop", "model": "product"}}, {"model": "contenttypes.contenttype", "pk": 10, "fields": {"app_label": "shop", "model": "review"}}, {"model": "contenttypes.contenttype", "pk": 11, "fields": {"app_label": "shop", "model": "gallery"}}, {"model": "contenttypes.contenttype", "pk": 12, "fields": {"app_label": "shop", "model": "color"}}, {"model": "contenttypes.contenttype", "pk": 13, "fields": {"app_label": "shop", "model": "colors"}}, {"model": "contenttypes.contenttype", "pk": 14, "fields": {"app_label": "shop", "model": "material"}}, {"model": "contenttypes.contenttype", "pk": 15, "fields": {"app_label": "shop", "model": "model"}}, {"model": "contenttypes.contenttype", "pk": 16, "fields": {"app_label": "shop", "model": "tag"}}, {"model": "contenttypes.contenttype", "pk": 17, "fields": {"app_label": "shop", "model": "size"}}, {"model": "contenttypes.contenttype", "pk": 18, "fields": {"app_label": "shop", "model": "reviewresponse"}}, {"model": "contenttypes.contenttype", "pk": 19, "fields": {"app_label": "shop", "model": "productset"}}, {"model": "contenttypes.contenttype", "pk": 20, "fields": {"app_label": "shop", "model": "sizeset"}}, {"model": "contenttypes.contenttype", "pk": 21, "fields": {"app_label": "orders", "model": "order"}}, {"model": "contenttypes.contenttype", "pk": 22, "fields": {"app_label": "orders", "model": "orderitem"}}, {"model": "contenttypes.contenttype", "pk": 23, "fields": {"app_label": "coupons", "model": "coupon"}}, {"model": "contenttypes.contenttype", "pk": 24, "fields": {"app_label": "wishlist", "model": "wishlist"}}, {"model": "contenttypes.contenttype", "pk": 25, "fields": {"app_label": "wishlist", "model": "wishlistitem"}}, {"model": "contenttypes.contenttype", "pk": 26, "fields": {"app_label": "information", "model": "oftenquestion"}}, {"model": "contenttypes.contenttype", "pk": 27, "fields": {"app_label": "information", "model": "question"}}, {"model": "contenttypes.contenttype", "pk": 28, "fields": {"app_label": "promotion", "model": "firstpage"}}, {"model": "contenttypes.contenttype", "pk": 29, "fields": {"app_label": "promotion", "model": "servicepage"}}, {"model": "contenttypes.contenttype", "pk": 30, "fields": {"app_label": "promotion", "model": "subpage"}}, {"model": "contenttypes.contenttype", "pk": 31, "fields": {"app_label": "promotion", "model": "thirdpage"}}, {"model": "contenttypes.contenttype", "pk": 32, "fields": {"app_label": "promotion", "model": "topproducts"}}, {"model": "contenttypes.contenttype", "pk": 33, "fields": {"app_label": "promotion", "model": "secondpage"}}, {"model": "contenttypes.contenttype", "pk": 34, "fields": {"app_label": "promotion", "model": "promotion"}}, {"model": "contenttypes.contenttype", "pk": 35, "fields": {"app_label": "promotion", "model": "promoproduct"}}, {"model": "contenttypes.contenttype", "pk": 36, "fields": {"app_label": "email_sub", "model": "subscription"}}, {"model": "contenttypes.contenttype", "pk": 37, "fields": {"app_label": "account", "model": "emailaddress"}}, {"model": "contenttypes.contenttype", "pk": 38, "fields": {"app_label": "account", "model": "emailconfirmation"}}, {"model": "contenttypes.contenttype", "pk": 39, "fields": {"app_label": "socialaccount", "model": "socialaccount"}}, {"model": "contenttypes.contenttype", "pk": 40, "fields": {"app_label": "socialaccount", "model": "socialapp"}}, {"model": "contenttypes.contenttype", "pk": 41, "fields": {"app_label": "socialaccount", "model": "socialtoken"}}, {"model": "contenttypes.contenttype", "pk": 42, "fields": {"app_label": "django_simple_coupons", "model": "discount"}}, {"model": "contenttypes.contenttype", "pk": 43, "fields": {"app_label": "django_simple_coupons", "model": "allowedusersrule"}}, {"model": "contenttypes.contenttype", "pk": 44, "fields": {"app_label": "django_simple_coupons", "model": "validityrule"}}, {"model": "contenttypes.contenttype", "pk": 45, "fields": {"app_label": "django_simple_coupons", "model": "couponuser"}}, {"model": "contenttypes.contenttype", "pk": 46, "fields": {"app_label": "django_simple_coupons", "model": "maxusesrule"}}, {"model": "contenttypes.contenttype", "pk": 47, "fields": {"app_label": "django_simple_coupons", "model": "coupon"}}, {"model": "contenttypes.contenttype", "pk": 48, "fields": {"app_label": "django_simple_coupons", "model": "ruleset"}}, {"model": "contenttypes.contenttype", "pk": 49, "fields": {"app_label": "information", "model": "about"}}, {"model": "contenttypes.contenttype", "pk": 50, "fields": {"app_label": "information", "model": "delivery"}}, {"model": "contenttypes.contenttype", "pk": 51, "fields": {"app_label": "information", "model": "help"}}, {"model": "contenttypes.contenttype", "pk": 52, "fields": {"app_label": "information", "model": "privacy"}}, {"model": "contenttypes.contenttype", "pk": 53, "fields": {"app_label": "django_celery_results", "model": "taskresult"}}, {"model": "contenttypes.contenttype", "pk": 54, "fields": {"app_label": "django_celery_results", "model": "chordcounter"}}, {"model": "contenttypes.contenttype", "pk": 55, "fields": {"app_label": "trackstats", "model": "domain"}}, {"model": "contenttypes.contenttype", "pk": 56, "fields": {"app_label": "trackstats", "model": "metric"}}, {"model": "contenttypes.contenttype", "pk": 57, "fields": {"app_label": "trackstats", "model": "statisticbydate"}}, {"model": "contenttypes.contenttype", "pk": 58, "fields": {"app_label": "trackstats", "model": "statisticbydateandobject"}}, {"model": "sessions.session", "pk": "05dn8w563g973bdekj1i4wuaoz2he3yp", "fields": {"session_data": ".eJxVjEEOgyAQRe8y64aAMhVcdt8zkIEZqm2jieDKePfWxI3b_977GyRaKvTbfoNAax3CWmQJI0MPBi5bpPSR6QD8puk1qzRPdRmjOhR10qKeM8v3cbqXg4HK8K-RslBsPLLmxiYxiUWjZ-NMpxvDufOcKbN1JrYehe8s0eWEaCNa28L-A1QHPBA:1kfeLX:uvmGMPui2U8wV0GIKS_EARR8XD0p9GqcrS6kpqFkERE", "expire_date": "2020-12-03T07:27:11.812Z"}}, {"model": "sessions.session", "pk": "0sy6pnoli28forzw29v4cbd3uiplgqz9", "fields": {"session_data": "eyJjYXJ0Ijp7fX0:1kbOtg:mVqj_TX5DIPcLdjwZ4KkbbNs-W06oYYhiGholOMD460", "expire_date": "2020-11-21T14:08:52.058Z"}}, {"model": "sessions.session", "pk": "163c6oouxz5yvub93pjp3sf33bv889ob", "fields": {"session_data": ".eJytj8sKwyAURP9l1km5PjbxWwpijRRBTJroog3-e9Sus8vmMFy4c5gD1mwJ6gBv-GQTk09fKDZg3bx1UOBEDyIMsEtYtnp4ZpLMNEpqFJ2S9Tz3_Op5qk-7_zm9u6T3kN-tbax9KAPYpXAidquw9jUh12IUROI_50oubl3bjSil1eV1idrPUDGHUE55om2i:1kYRyI:9uuPjkVr3Oi7uGXMYpnwa83jDhQ_8u6IDHcMM0F8uZc", "expire_date": "2020-11-13T10:49:26.540Z"}}, {"model": "sessions.session", "pk": "1ucwjq0qztv9qkie0tyfdbau2tma9zk4", "fields": {"session_data": "eyJjYXJ0Ijp7fX0:1kY7fh:AC8Jo0YGzvee1AGizVcGGGwQOhjdbHYCyf69zGodlHM", "expire_date": "2020-11-12T13:08:53.783Z"}}, {"model": "sessions.session", "pk": "23xu935tfkgit7lsf6grn7ee3ufdqe1c", "fields": {"session_data": ".eJyNUEFuxCAM_IvPaQQJdENu7TsqRQY73agoSQNIrVb5e4HuYXurBNZ4hhkDN3B4RBhvIKfuyQiZVyvEWxJKYqmq4r5WJSumim3FRhbvZ8I1LvEbxq6B_Vgcwwi_SdCA2_x2ZOL_oVBSNkouToHz9uk9--v9HqSFYJTnWQakfVtrvybvG5gwxeuUAh-VhOJ64Cy6D16LgN4XukWXM9bY1jN3ObQvueP8MIdx2dbXu-tP1BXDNedonBltZzQJ6pRj6YiFNiQHeRGdpPliaMaZ1CBtbzTTM7EdZqe1slqpvoQGDiGPmfhrX478leL8Af2kguw:1kYWhz:Jc4MVLI02vCUn2lqBXBZ7IU7ISeTUibfBXZNC4-8qf4", "expire_date": "2020-11-13T15:52:55.712Z"}}, {"model": "sessions.session", "pk": "3cz5otoa94lizyyfiqopw3qfll6mwzgt", "fields": {"session_data": ".eJytjk0KwyAQhe8ya1NmrJt4loKkSSiCaOrPog3evaO5QBfC8HgMvI_vhHWJGfQJ0tBEiHw3xEdBRUtL1fu9p6Let96fvc_Utu-y-GzzBzQJOKJdd9BwkUDAGlyI_PgfyqNkv7tJezbJlVejNTmogj3lJBHlME851LPLNU9izxmJb5DnRRrnyTyoteHKEbyxG2hfnKs_y56Wdw:1kYSqh:0Sr5CquUKAvjS9n3eNpYcABndqLEFzbvUg2cZJ_T8yA", "expire_date": "2020-11-13T11:45:39.013Z"}}, {"model": "sessions.session", "pk": "4alyvuhcc9ccewbasebg8f85hp6h5jwm", "fields": {"session_data": ".eJxVjEEOgyAQRe8y64aAMhVcdt8zkIEZqm2jieDKePfWxI3b_977GyRaKvTbfoNAax3CWmQJI0MPBi5bpPSR6QD8puk1qzRPdRmjOhR10qKeM8v3cbqXg4HK8K-RslBsPLLmxiYxiUWjZ-NMpxvDufOcKbN1JrYehe8s0eWEaCNa28L-A1QHPBA:1kc3M0:PssnbG5b_ibGmfz4exqg-pSiRHB2hnFm4TYfixS0zdQ", "expire_date": "2020-11-23T09:20:48.001Z"}}, {"model": "sessions.session", "pk": "4zp8mfflnq84crz11ecy1lt4fvcca5dr", "fields": {"session_data": "eyJjYXJ0Ijp7fX0:1kZ9ma:9ZPI4GEjyB4iVrVHzLfLFfLz97kzm7YYWb6iuGQfidQ", "expire_date": "2020-11-15T09:36:16.741Z"}}, {"model": "sessions.session", "pk": "57hgqfphti1ei0y2clxvmp4pqr3jsxga", "fields": {"session_data": ".eJytkN1qxCAQhd9lrrNBjXZj7trnKAT_0g0Vk0aFliXvXjWB7rIs7UJhlOOM83mcMyixBOjOgHty4AinqBF6jYhikXdadFN2iovWRcuiOcm9H1G4MIYv6GgF8zIqAx1sJKhATXZaUuLvUMiUSUcVem_SsvEt9Rd_F6VRQ4fX6tY52ZDtD3jXHF-7Jb-4vQ961CE-HBFJ8dBs77vdSP842-LvxvmaH4jz5MrZRWsr6EUMpz56s5Qk5P9e5KRQ78blgrA2p2uhEsOFutzZy75-TieTPqZEGCf3snddoU7CnxKHicEISTjTSBOqDFbaIMY1bnHyjPVw5HoQg6Ytlg1nRj9pI9tBMUYlo7TJUG-8T8_05nMelzRKtH4Dc-nmQw:1kYWts:mxqokov7dlizH5-Qn-Z4of9S_2kVZ3X5s2Q47avxnDM", "expire_date": "2020-11-13T16:05:12.740Z"}}, {"model": "sessions.session", "pk": "6vzi45r6tb5bk9fnv1agqfrbfdlihlmr", "fields": {"session_data": "eyJjYXJ0Ijp7fX0:1kdwqe:MqcYDNdWsNHdvUpyeoRWZG9M5oXWuThxIoXMAup_Wg0", "expire_date": "2020-11-28T14:48:16.031Z"}}, {"model": "sessions.session", "pk": "72u0xtau70m7ec9yy1j5h4k6mmhyc97q", "fields": {"session_data": ".eJxVjEEOgyAQRe8y64aAMhVcdt8zkIEZqm2jieDKePfWxI3b_977GyRaKvTbfoNAax3CWmQJI0MPBi5bpPSR6QD8puk1qzRPdRmjOhR10qKeM8v3cbqXg4HK8K-RslBsPLLmxiYxiUWjZ-NMpxvDufOcKbN1JrYehe8s0eWEaCNa28L-A1QHPBA:1kmhQD:abgFUESgxdHXvJ8ZGD83zeu42vJ_fLdmn7QQ4KRlLuw", "expire_date": "2020-12-22T18:09:09.797Z"}}, {"model": "sessions.session", "pk": "7mtb6att01y9iqcuhn3h8b0x72t2rf53", "fields": {"session_data": ".eJwdy0EKgCAQheG7vHXEWELkWYIwbSGIljiLCO9ezubnYx7zwtlSYV5cJXt2QtVzs0011AdGDf8Y3AmDhaaRCANcjrn8h41JK9urqXeWaiX24kO8orXW__jKaQ8eJnGM7QPlPieJ:1kYR4q:i-KwTeN4CiK54u3XYi_XT8Bdl4meqDmzfk7DKp0vGBs", "expire_date": "2020-11-13T09:52:08.746Z"}}, {"model": "sessions.session", "pk": "7wf7fpz3iq93v4g5jxfhqr3vf6wpessi", "fields": {"session_data": ".eJxVjEEOgyAQRe8y64aAMhVcdt8zkIEZqm2jieDKePfWxI3b_977GyRaKvTbfoNAax3CWmQJI0MPBi5bpPSR6QD8puk1qzRPdRmjOhR10qKeM8v3cbqXg4HK8K-RslBsPLLmxiYxiUWjZ-NMpxvDufOcKbN1JrYehe8s0eWEaCNa28L-A1QHPBA:1kY8cQ:QnvgeQhhT9nu48zz5q1j0X8pQ7UikqyyApJG9Tvek60", "expire_date": "2020-11-12T14:09:34.991Z"}}, {"model": "sessions.session", "pk": "87wkxzo19c6d0x8z1ogleitxnpnni8da", "fields": {"session_data": ".eJydjsEKwjAQRH9F5tzKbi1I8y1CiGmRQEhqmhy05N9NgkcFEZZh2F3mzQ6tQoTYwVXuSblo4gOCO6zB6AUCZxqOROigvfWhLC6JRlZVR6p6ajpy83Pz1-anw--vJX8zz0VuS5SbTbfC4b6gkTuwHPqJuEwt8q3n-_xPzw_wRkTONS6t3kkzQ7hkbX4BGkpZSQ:1kYRqq:jW3_XSJkctBqqKhAaGAstRC1OUHBHhwRy2-K_MdyWMY", "expire_date": "2020-11-13T10:41:44.317Z"}}, {"model": "sessions.session", "pk": "8vmk3qltoxmhmeoivpot3y7wtqvp7bxj", "fields": {"session_data": ".eJxVjEEOgyAQRe8y64aAMhVcdt8zkIEZqm2jieDKePfWxI3b_977GyRaKvTbfoNAax3CWmQJI0MPBi5bpPSR6QD8puk1qzRPdRmjOhR10qKeM8v3cbqXg4HK8K-RslBsPLLmxiYxiUWjZ-NMpxvDufOcKbN1JrYehe8s0eWEaCNa28L-A1QHPBA:1kfeWp:XpI3dPLKqaSXzr3BR9XWXO_h9kwbvaRhhNKV4vwQ0sM", "expire_date": "2020-12-03T07:38:51.301Z"}}, {"model": "sessions.session", "pk": "as396xv04kjvrn1imkvgexp3dfz5qtu7", "fields": {"session_data": ".eJzFkMFuhCAQhl9lM2clgOCKx733DTYxwEC1NbBVOWw3vnuFeNkn6OXLn5kPMjMvsHrZoH8By_hJOmzT9oReVPBYJuugByaUIpRCBev0Wwq0qxnnl5bXHT0paS3bQ7Fxjsvh3BMVTGcKmtkUClYylmxKVpf_VmHfKxh02sYhrW4ZJsw7wlvNaPvtQm7glw6fkdgYtmUyJCvk7K7kI6Kbb6f79sGo1_F4LbV32nAlkSIX1jGLjkqFrGNXyhn6q0KvPYqOmUZJhy0603krpTBSiKZcOD1iKFOGNM_7Hz_hhmM:1kYPsk:Z1i3EHDO9Ieuju-Q2GipafbvQj1Q_JfyoCPdaA20f_M", "expire_date": "2020-11-13T08:35:34.970Z"}}, {"model": "sessions.session", "pk": "axkyj63xuesb2ndd5ghj1jhozfip883b", "fields": {"session_data": ".eJyVjkFuwyAQRe8ya9diMDS2l9n3BpUsYHDsFkGKYVFFvnsMyaJZVoLR5_-ZN9zAqJhgvAGf8A0ZO07L2GdmAlWpouquVoFVU9W66qGM_mTl05p-YcQGrnE1FkZ4gKABE1yIh_EPZqEEyiZNmz2uy5cCLN_7E60EI9_3siBfg69vn51rYFI5LVPebKwmILx4Wplv60tAX8pfQmuCT3HVbWlpn-nWfgSy7vzsfQEsaluOaalmqzQfJDHiwlg0ZJkcCHs8MY40nwaa1UyiR90N0tI7Wd3PRkqhpRAd7HdFYnbl:1kZXsI:bieJ9kdftGTTjyJg_AAcYB1Z6ZWXwpvExCHf3_ZcpMc", "expire_date": "2020-11-16T11:19:46.703Z"}}, {"model": "sessions.session", "pk": "b1m1sn8hu1y3ip2m7rerssgrtr3ectco", "fields": {"session_data": ".eJyVUEFuhDAM_IvPFMXgdIFj7_1BJZTEZqFFyRaSw2rF3xciDt1jDx6NZjwjyw9wZonQPQCpx7dKKSW0Q6nUV1KE5kDKvM5ImDlnbjNvj_hvMj5O8Q5dXcBtmZxAB2cTFODCHJZd-UfpURM4udivss-crnv-PPGPOTF0SNtWQG9SHPu0ypJFQHjRrHE_4g-Dv42_htIFH5fJlsdKebpr-RlY5o9z96VgNOu4p7UZxNiq1ay4IifoWJRuGRu8qAp5uLQ8mIGpQVu3WvidxTaD05qsJqrzN9It-HylT_O8PQH7hXjf:1kbk1o:XxYj7z4BV4IiyP9zdf8DTz0zOAqpAsbsl6hXn8Uh7AM", "expire_date": "2020-11-22T12:42:40.969Z"}}, {"model": "sessions.session", "pk": "b5ft4z6tqu42mu5hsaocwdce9d5khf35", "fields": {"session_data": "eyJjYXJ0Ijp7fX0:1kYsYG:MXSXFAOG1OXLAUomyFaq8nQMrVagLWrXnn5HcrimAIo", "expire_date": "2020-11-14T15:12:20.087Z"}}, {"model": "sessions.session", "pk": "bply86pc3ywwcbhnxe3h5db31r6aeo8f", "fields": {"session_data": "eyJjYXJ0Ijp7fX0:1kbOoZ:lquZnZLUApsMd5wH21-wTyhyTZDCtUzOTzWYXkTrPG0", "expire_date": "2020-11-21T14:03:35.238Z"}}, {"model": "sessions.session", "pk": "c5g9ts73ni1a2c2sfagfnab1530tx6f1", "fields": {"session_data": "eyJjYXJ0Ijp7fX0:1kdwrB:LS-vQ8Uh-sKbY2wg-HWDF5xW5d_AEWdTw5jhhIzEYzw", "expire_date": "2020-11-28T14:48:49.979Z"}}, {"model": "sessions.session", "pk": "chx6l541pv0mn2999h7q10qvwbcy2jv6", "fields": {"session_data": "eyJjYXJ0Ijp7fX0:1kbkpl:VaATlbawdRWFnnR8HphZxfi-Lyvo_gQ377ONhbLjH9o", "expire_date": "2020-11-22T13:34:17.295Z"}}, {"model": "sessions.session", "pk": "dc5wfdjlsbttp9mxl6pkpu5s2bnxwf0i", "fields": {"session_data": "eyJjYXJ0Ijp7fX0:1kY9zf:y0cxQ1OB51gY0JZ8BRdcREZVRm2bGET8fOKB17BJL_4", "expire_date": "2020-11-12T15:37:39.804Z"}}, {"model": "sessions.session", "pk": "dmmfima0xxr4jgfs1wmt0tlc28ayc1n4", "fields": {"session_data": "eyJjYXJ0Ijp7fX0:1kY9v8:nOOIXH9eTrM6bjBNaJblAH70k2jES8Z8e_9YcfJYuA4", "expire_date": "2020-11-12T15:32:58.043Z"}}, {"model": "sessions.session", "pk": "eq21jjt13i0sftv1y07xes69sgosvjyo", "fields": {"session_data": "eyJjYXJ0Ijp7fX0:1kbOuP:nVC2Lyk8BEXeMGEiB4drE9y29dAI3LAeVcuAuvMHDbc", "expire_date": "2020-11-21T14:09:37.562Z"}}, {"model": "sessions.session", "pk": "ezhfsscuuanpjw6g3o9zc8envfxb617f", "fields": {"session_data": ".eJxVjEEOgyAQRe_CuiGiTAWX3XsGMzBDtW0gAVwZ715NXLTb_95_m5hwrfO0Fs7TQmIQStx-N4f-zfEE9ML4TNKnWPPi5KnIixY5JuLP43L_AjOW-XgDBkbXWqCGWu1ZeeIGLCmj-qZVFHpLAQNpo1xngelO7EzwANqB1t0R9ZirGLZ9_wJTNTwQ:1kfffI:wDTlPeVLyyIWUBVG2LCiE3OeyXqqWZcOzL8bGuy4E04", "expire_date": "2020-12-03T08:51:40.587Z"}}, {"model": "sessions.session", "pk": "f7dl0b01i841locw9vzavmrgf4dqk2ht", "fields": {"session_data": "eyJjYXJ0Ijp7fX0:1klZap:BdeZ38u_g-hQKARTzVfDEoZTeyUtgLkXQ835nrHBMqY", "expire_date": "2020-12-19T15:35:27.351Z"}}, {"model": "sessions.session", "pk": "fa714439jfhhep0ltl2xg76uzl8p4a5x", "fields": {"session_data": "eyJjYXJ0Ijp7fX0:1kZW9Z:s4QEkGXTC91dCqwpXTi--0szYIWg4kg8GanpZAM915Y", "expire_date": "2020-11-16T09:29:29.879Z"}}, {"model": "sessions.session", "pk": "fbh0wbqvedfxs08vrkapdlr2f99czz2r", "fields": {"session_data": ".eJwdy0EKgCAUhOG7zFriWULkWYIwbSGImvgWEd69dPPxMzAvrCkV-oXs3Gxi9fWBlgK5eHtBY6V5IoKATSGVf9iZlDRdRd1lqORoN_ocvaG1fuOc4uEddOQQ2gfXviMS:1kYR7c:EHWMlgEDDo5zpzHUBi9yC2WQzHR65st16IpoAlVhgW4", "expire_date": "2020-11-13T09:55:00.144Z"}}, {"model": "sessions.session", "pk": "fl2zh7ydzmh73hcci85ursc9azq9j631", "fields": {"session_data": ".eJxVjcsOgjAQRf-la0KGKX3ATn-kmY41NJJiaEk0hH8XDAtd3te5q3C0lMEtOcwu3kQvUFS_nid-hHQENI6HXRPztKRSfztnnOvLrkIqkanEKV3P1R9qoDzsHIMWG2g7rb3SoBpgr0MLYFBha9VdWpadJisDE3qpWCpErwmhMcaQP6A55LzfuPB6xvkteqgE01xEv27bB_DJRTo:1kZW9I:Unr-1zc_sa-NTomythmZpzdO0zdVfCBLsEDWpvzcvOU", "expire_date": "2020-11-16T09:29:12.518Z"}}, {"model": "sessions.session", "pk": "fx8cbg5gq9pgvoymqlksryg3n348kfwv", "fields": {"session_data": "eyJjYXJ0Ijp7fX0:1kabLz:AsKo-pNgR0BztBbObcZWFfTqHkipVPpgOHC7qrAq8R4", "expire_date": "2020-11-19T09:14:47.418Z"}}, {"model": "sessions.session", "pk": "fxn0ig04z849lai573eszs2abhfsjsmm", "fields": {"session_data": "eyJjYXJ0Ijp7fX0:1kZ9mN:to4YgC5oGCCt2E6KHGm7QcWYoRqS5_tPlnQa4fQoapE", "expire_date": "2020-11-15T09:36:03.659Z"}}, {"model": "sessions.session", "pk": "g95wyklm5wqzbn1uv2c6o49k5d910bgd", "fields": {"session_data": "eyJjYXJ0Ijp7fX0:1kYAFU:qb72qGhxenI2GTbNWRkGr0ueWMEbeO-ULuajk5kD15w", "expire_date": "2020-11-12T15:54:00.625Z"}}, {"model": "sessions.session", "pk": "gjylggnsqaqixeka1ehusl41y70gs7xc", "fields": {"session_data": ".eJyVjtEKwjAMRf_lPk8JcTDstwhjdmUUSjtr8yCj_25TX_YqJJebhJzkgF1ygTnAM1-YqMWV6CE0cteb6zqdPKuOz-7vuvqSJRZfPjA8YM_eOhj8QBhgU0i5Nf5gKiWtYsv8di2DbArU904jv7Z7teoB2VPsdZQQ6hcFJT8N:1kZAD8:1IdlCQyNjOSbldePnpWaa9Joe3Iru40vlGDYbnJ15wQ", "expire_date": "2020-11-15T10:03:42.356Z"}}, {"model": "sessions.session", "pk": "h14spyisg0jevmlkk9rjneigfnv76vb3", "fields": {"session_data": ".eJyrVkpOLCpRsqpWMoo31DU0MAAiPQODmFIDEyMwaZwKJs2R2EYg0iQJzLYEaS0sTcwrySypVLIy0lEqKMpMTlWyUoIYpKSjlJyfk18EFCDBTJAp-SmlySXxxalAnFOaDjIQ5DwkqcwUoH21tSALSgvy88D8vNKcnFoAAgo_Bw:1kZXkk:5GJtnpSuxgEbCFsMC2wC5Vgzkkf5RH7jAUuSeYvl3bo", "expire_date": "2020-11-16T11:11:58.984Z"}}, {"model": "sessions.session", "pk": "hr80fz3u9a82jh6mdo4xr2qm2j4w5w22", "fields": {"session_data": "eyJjYXJ0Ijp7fX0:1kbkiF:Lpd-z5sXEvHxYz0LwpnPHquwS_Ivrw6UerJah39UDrM", "expire_date": "2020-11-22T13:26:31.876Z"}}, {"model": "sessions.session", "pk": "i1r0x1l9vuladu8dpryvzh1mdpydnrfs", "fields": {"session_data": ".eJxVjEEOgyAQRe8y64aAMhVcdt8zkIEZqm2jieDKePfWxI3b_977GyRaKvTbfoNAax3CWmQJI0MPBi5bpPSR6QD8puk1qzRPdRmjOhR10qKeM8v3cbqXg4HK8K-RslBsPLLmxiYxiUWjZ-NMpxvDufOcKbN1JrYehe8s0eWEaCNa28L-A1QHPBA:1kacFV:ZegCLH8hTXOTluYVAWGs2nRc1ZCFThEaJDsKVzuz_iE", "expire_date": "2020-11-19T10:12:09.684Z"}}, {"model": "sessions.session", "pk": "ikmi1zgi97kcjavag9fsgo9jfprwgzgo", "fields": {"session_data": ".eJwdjMEKQiEQRf_lri3G8hX5LUGYthBEX-Is4jH_ns7mcLgXzoEY-oA_sPeWOKrahS-HOvL4wVszzxw_8LjT5UwEg9hK63N4MjkbFh0tXpXOqif1t_oDYrDRabvNuIisBO-tvnKCr1yK_AGFvCoo:1kYR1d:zWxWKrOQebOKred88xPCk986l_lg356q6qnAe2AF5gY", "expire_date": "2020-11-13T09:48:49.111Z"}}, {"model": "sessions.session", "pk": "im2ve0sybnuldde6hmdzu1j76z44vzr5", "fields": {"session_data": ".eJylkMFuhCAQht9lztYAQl29bZ-jiQFmrKZErUDSZrPvXqAedpMetumByc8_8PEzF7B6D9BfgA_8qWWCSyZrxl4jk1znKotuSpW8aCzaFN2JfPkj6iXM4Qt6UcG2z5aghwMFFdjVrXtyHqdCxqwYbRg8peXiWybmhDetGaHn1-qX7OKHT6W2N1r8J_tj1L9kT-EHHcM0RE978YDDnWe0faclN7Rz2a61tWtcQl3OHG1fn9OO0kesDvO6vBy37lCT9lPiKD2SNqJTyFBIS9wiMdUhP_E8RBzbDkc9ojxx03SK8BnJnEarlDRKyiZDPXmfnhnoc5v3NDqWBxW35OQ_LNG56zeh6rjs:1kYVjd:XSqTtdrQYeuaYw1I1vhOsCyqaPaB_NNiLANT1kNNK88", "expire_date": "2020-11-13T14:50:33.061Z"}}, {"model": "sessions.session", "pk": "itw8j6mb5poh5f2o7pzjlrvh45e9jv0v", "fields": {"session_data": ".eJyVjsEKAjEMRP8l51XSWkT7LcJS20UKpV1rc1iW_rtN9ODVQ4bHhJlkB-9qA7uD0vP5oC-IPEfEG6FRjtUIn0SNEg7Cd-Erp5_kcottA6snWGv0C1j4NsEEvqRSh_NHKdeUQL7Nr2VMosfIfz782cUAVune-QStJYuRKaX-BjNiQD8:1kdxER:OdWSpvji-scjUEzTVsYdl9fVWik6YicnbKqXaU6GOR0", "expire_date": "2020-11-28T15:12:51.246Z"}}, {"model": "sessions.session", "pk": "jbztzdgdeakkgmde8ys966e4zyikde3f", "fields": {"session_data": ".eJxVjEEOgyAQRe8y64aAMhVcdt8zkIEZqm2jieDKePfWxI3b_977GyRaKvTbfoNAax3CWmQJI0MPBi5bpPSR6QD8puk1qzRPdRmjOhR10qKeM8v3cbqXg4HK8K-RslBsPLLmxiYxiUWjZ-NMpxvDufOcKbN1JrYehe8s0eWEaCNa28L-A1QHPBA:1kmHOR:ZdbGsaPDK-jwR4Dwg9e-2CUCfnDOiFOA6-hMRKjqXkc", "expire_date": "2020-12-21T14:21:35.799Z"}}, {"model": "sessions.session", "pk": "jjxowx2mo1ba3tvx47azzoa4ulhdwerv", "fields": {"session_data": "eyJjYXJ0Ijp7fX0:1kiDNA:nmWkq2FmVMRaE0M2eVFnr3wGZs2rLEEaINy65r9LTy8", "expire_date": "2020-12-10T09:15:28.512Z"}}, {"model": "sessions.session", "pk": "ju9ubxvro3kviztv197dcrzhnmmjdril", "fields": {"session_data": "eyJjb3Vwb25faWQiOm51bGwsImNhcnQiOnt9fQ:1kmBZb:2KgpdcPRxNBPa0AFZXXS75tIul7_QIC040w7GPXsrnA", "expire_date": "2020-12-21T08:08:43.760Z"}}, {"model": "sessions.session", "pk": "k9cw6fmdu5rv6dzc2f3pv7sje6zt6sqz", "fields": {"session_data": ".eJyVjtEKwyAMRf_lPnclusKY3zIonZUhiHbOPIziv8-4l74WkstNQk6ywy65wOzQs7ooohYj0YNp0l2vruvt4LXo9Oz-LqtvXmLx5QujBmzZWweDPwgDbAopt8YJplDSyrbMH9cy8EuA8t5h5FcYXasc4C3FXkcOof4AAYU_Bg:1kZXJz:6W0aCEaAS3XS3Sli_LxqnR-tsHsanWYEgmQuutlSSKQ", "expire_date": "2020-11-16T10:44:19.234Z"}}, {"model": "sessions.session", "pk": "l3m3bez0diedctsit8keog3hqhk5fu3c", "fields": {"session_data": ".eJy9k9FqhEAMRf8lz7ok6cBWv6UgVqUIoludeWgX_30zmYUVqouyQyGGq5Dr4ZJcoSpHC_kVqOA0Q5I6IX44NFT6blS_aTekulb9qTojP_vtyt629gdySuAytlUDOQQnSKAaumGUD_tNZWhqf5tiamwxde5LhhUOvPtQu8oWbS0_mxPBpvSMLBUJOzjFwla4VWyTksky_7wCzg_wu1Us8sC3D52D5fvD-K6f5LyOu-30KmJIoNF-Xmhe5sAH093n-i_oh5OOjs5yioQoFekUg1O8UyQ1W2LzGvb2Dj5ZjzXUQ8u8jccpI3K0VDlqqgr3B3v27u4y9Preu66bb5IN0vk:1kYT4J:GiTjcd7VbuB9wyt4KHTB2ph5pc0r3jRMtfBq2tM70gk", "expire_date": "2020-11-13T11:59:43.850Z"}}, {"model": "sessions.session", "pk": "l9s6yz91ox42auoxekeo8n94z56ykte3", "fields": {"session_data": ".eJyNjksKAyEQRO9S60mwEzfjWQJiHAmC6MTPIhm8-2jnAoGmeBS8og9YkyvUAdK3yypo3FWIRxOSzEzJfOeUxLwxP5lXmu67mVh9_UDRgj1766DwW8ICm0LKo_h_dEjFf50uruoS2mvI_Bx6n3NtT1H7DSq2EPoJ-jc49Q:1kYSs6:e2NlCsQCgxQsq1cokY1vvDW2J3JJdraUoX6teybFnIE", "expire_date": "2020-11-13T11:47:06.017Z"}}, {"model": "sessions.session", "pk": "levzzmfvvljnl3l1ovpntwr98ff22qug", "fields": {"session_data": ".eJytkcFuhCAQht9lzq5hELrisfe-QRMDDK62RrYqh3bjuxfUpjHp9rQJTP7Mz_xfwtzA6nGG6gaYykfQw9zNn1BhBtexsw4qUAxzxiAD63s_xsZrYAJ1qoKlWqxV4Kpp1WbVKg5N3ZerJzfXUx8ucZifYh4sGWCNpzPj8aT0e_DdfhB8JW5wcUKhVLr_4X_8I59vtPKXueu_mBsoQfldDGfsoV8c82BZUly4-qHuCKoh9H0GtQ5zW4fJjWszbv3QM9q-uyEZ9KaHi8-tH-axM3l6ku_ulL94cv3z_vYQ0OqpjdNSN04briQx4sI6tOSYVIQlxgUgNWdFjW5IlGgKJR09kTNlY6UURgpRwPINBZLGBw:1kYRwR:sgynC94xzjk_Rlk42hYGILEWSqkT0ICNXNv4M7tRBF4", "expire_date": "2020-11-13T10:47:31.130Z"}}, {"model": "sessions.session", "pk": "m3qfzd3qxt5tqsps170y79pgnwxln6ve", "fields": {"session_data": ".eJy1jkEKwyAUBa9S3jot38ZNPEtBrJEiiKbqX7TBu1e9QzfD8HiLOWFNrlAnxMCbTay-fqDWBUf21kFhI3EjwgKbQsp9eDBJYQYlDa6TUkzfpz-nb5e_XHtK8V-ni6u6BH71pPu1V6K1EclHitrvUJFDaD_UfUJQ:1kYRK0:WxXUEZIMAxv4FpBiiQkaFvXaAh2KtqwCW5abZtZ51wI", "expire_date": "2020-11-13T10:07:48.385Z"}}, {"model": "sessions.session", "pk": "m7aritbxkce7whffa3xwtj5jt0jia04u", "fields": {"session_data": ".eJyVUEFuwyAQ_AvnFLEYEuNj7_1BJQtYHLtFkNpwiCL_PUB9SI897Go0szO72gcZdU7zmDe3jguSgQA5vXJG228XqoBfOlwjtTGkdTG0jtBD3ehHROffj9k_AbPe5uKWenLacCWRIRfWgUXHpELo4cI44HRROOkJRQ-mU9LhGZ3pJyulMFKIroRavSYyPAjw8fzGe8ZqUcY-MxOgaxcNd60LaBgbNg2r6v7JOqQl3ckAJ3JbF-vKdUdSXRJ9XAvzj9AaEzHbNG6ulM_X4v-98EWrzwW-73VFvsXQiJC935-x8Hg1:1kfeif:-0BhOrAnZZlg4SwD2F6VnEnx0taCK42F1PpD_Fr7GFA", "expire_date": "2020-12-03T07:51:05.399Z"}}, {"model": "sessions.session", "pk": "mkyzl50levisc3t2cj5a331olophcrp6", "fields": {"session_data": ".eJyFUD1PxDAM_S-Zj8pxPvqxUcHGwMCIVDm5QCuqtjSJBDr1v5P0OtxNDLbi9_ye7VyYpTWw5sI4duWDAIAcBcB7BIk8Z1Ht-XzzrrPiO9IUhvDLGjyxZR2sYw071OzE7DzOa0L-McrS-Rxt6LxLMcbPpLlucsMNZ9Zw3LZsG5d52gFWyla9wsubbJ-fUnNHMfRd9G690niPGbJfbsoEjWOGC7LJbQrF3nPQvnhMlUuXWQrDPLWH6s6qJ9_n-VghB1lrbZQGxcEa7SRAiQplpT5EZUWtqRLOEhqhrFCIRhMCL8uSTDb1zvs0pnM_y7Cmv4TtD14me8Y:1kfeEC:SSuKrQp0jcoTA8PY3I7T6ofv9vjRPjboEb2T4ExEpiE", "expire_date": "2020-12-03T07:19:36.947Z"}}, {"model": "sessions.session", "pk": "n5qfxtta9rk0t6td307ieyu3okm96ciw", "fields": {"session_data": ".eJydjs0KwjAQhF-lzLmV3VqQ5lmEUNMigdDU_BxqybubBI8KIizDsLvMNwfU5ALEAS7yiNMadNghuMXmtFogcKH-RIQWyhrr8uIaaeCp6EBFz1UHrn6u_lb92Pz-mvO9fi7SL0F6E--Zw11GI7Xgpu9G4jylyLee7_M_PT_AKxEplbi42VXqGWKNxqQX94hZCg:1kYRl9:BkdbFe2LUdq5qGEymRgtjmKXm5zG9rWhDe4r668sTTU", "expire_date": "2020-11-13T10:35:51.633Z"}}, {"model": "sessions.session", "pk": "nqbo1s4vnum6gmbg923xed8d9a1o2mdc", "fields": {"session_data": "eyJjYXJ0Ijp7fX0:1kdXZs:02lyADLU7xS56niTQTHR8PVoy0PRhFP60c3tamRlfkg", "expire_date": "2020-11-27T11:49:16.359Z"}}, {"model": "sessions.session", "pk": "nwviux0ij7r3q405t7yt1ok278e7ph75", "fields": {"session_data": ".eJyNjU0KwyAYRK9SZp2Wz9S01LMExBopgmjqz6IN3r3qCbp5PIZh5oBWMUMcYB3vony2-QMxT9ij1QYCd5ovRJiggwuxBWshzlQnp87rIGfDt-HP4Y_T_9W2n-zXyGSyTK682s9C5-WGWvtz2YOXdoPwxbn6Ax0INmg:1kYRB7:h7rq7brN9GqqedO-zT1NDx1M94ExWgbCzLPRV5XsXtU", "expire_date": "2020-11-13T09:58:37.177Z"}}, {"model": "sessions.session", "pk": "okpi3ka5vispg1w1v6vd9g7awqvuky9s", "fields": {"session_data": "eyJjYXJ0Ijp7fX0:1kZUYs:w5017hYLRua08DN6LSjFyszp7OWb_LSxbb2CfYf3uzA", "expire_date": "2020-11-16T07:47:30.531Z"}}, {"model": "sessions.session", "pk": "osuijfj06zsz899vmj62ilaiqlxenjbr", "fields": {"session_data": ".eJyVjk1qwzAQhe8ya9doZKmRvey-NygYSSMnbo2U2tKiBN-9lmJoU0Ihixne_LyPdwGr5wjdBVTPn1Awlqtm7C0xgTp3UXRTusCiqWhTdJvNn0n7OMYv6HgF53m0DjrYSVCBDVOYt80D0IwJlGzsF7fVlI6b_5rw120k6NRabeHxb3h-paof9q4fDfwP6G5IvB9yzdR0Dr7MPk1TBb1O8dSnxc1lCQg3O6Pth_P5QO_aH0Ntg4_zaOr8Uu_XpX4N5KaX_fcGcNLLaXNLPThteCuJERfWoSXHZEuo8MA40nBoadADCYWmaaWjZ3JGDVZKYaQQDazfDbemcw:1kZwyh:Ec9htf9r-aLMOxRf_2rw0Gqlor5KozjNzy5ijW2XEbc", "expire_date": "2020-11-17T14:08:03.655Z"}}, {"model": "sessions.session", "pk": "q02wpfeqet2qh0cdm8nm6tsuxudi4ujb", "fields": {"session_data": "eyJjYXJ0Ijp7fX0:1klZVm:zrhSpKO9yqPRw4kjZfIhKBP54iERHAGJByQLse_owSU", "expire_date": "2020-12-19T15:30:14.026Z"}}, {"model": "sessions.session", "pk": "qqtnz5zhac8hr2wvdi0rccdl0i1m5lee", "fields": {"session_data": ".eJydjsEKwyAQRH8lzDkpbutFv6Ug1kgRRNNED23w36uW3looPeww7C7zZofRa4LcQU1uWYfk0h2SRiyrMxYSgtGBMYww0ce1Ls6ZcdJNOWt66sqp-7n7S_di-P215m_uYdVmk9p8vlbOcapolBE08Im4EG1alW9N3_d_qn7gv6AopeXlJQblZsiQvS9PSFVaBQ:1kYRpe:fZnhI_tfYNsybwIfEy2PpU9-M1-da4bBlmTWvKlOsVQ", "expire_date": "2020-11-13T10:40:30.866Z"}}, {"model": "sessions.session", "pk": "r9cbljd5v6og42d3bmbcuixm5d8xg845", "fields": {"session_data": ".eJyFjc0KQiEQRt9l1t7wDyKfJRDzSgiiN38WdfHd02lRQdDm8DEw5-xgTa6gduATt2Zi9fUOShLYsrcOFDBKD5QCAZtCyuNwblRyOikc8vix-aS84D6Np-IfThdXdQntOm3L8EEnwL6D7B0UP4vMoPnVRUqGe_1TFIvAZJ--tqWo_QoqthD6ExYfSzQ:1kYSKe:6MrjxZ1xeBl1RsreMBMlWwhBT1M7FPgmovDqOnpy3V4", "expire_date": "2020-11-13T11:12:32.280Z"}}, {"model": "sessions.session", "pk": "rbdd3kime5q4kgusfr7r2559xusuhx2j", "fields": {"session_data": ".eJxVT8tugzAQ_Jc9U2SDnQDH3PsHlZDtXQItslM_Di3i32u7ueQymt2ZHc0eYJSPMB3AC3wnZeMWf2DiDTz8ZggmuLKuZQwaCNsvzYHiHPZ0z4Jkb_KS98btzuf5IzHBVUHBCvYVBa8cK9eVj_no_3g6zvNsYFYprnMK5OcNcxKHl51W5otsEfBT2btrjbPRb7otlvaphvbdIe23p_clYFVhLYXVQkp3o0SGnTDEDRKTI_KB5yc5LtcRF7WgGLjuR0l4QdLDYqQUWgrR11_Tw9na0qZ9P_8AaZllEw:1kYQa0:fcpu8woB6J2a-60qwCeTIo-BxZTxW5uU_2jsr8WKcp8", "expire_date": "2020-11-13T09:20:16.689Z"}}, {"model": "sessions.session", "pk": "ruipuz5vsqgmi8sb633sc4ozaefuk8s0", "fields": {"session_data": "eyJjYXJ0Ijp7fX0:1kbK9S:maZGcn7_Wf2yVCQnPbBbPYUK1VZdOfAfgns7kg1q0Hw", "expire_date": "2020-11-21T09:04:50.709Z"}}, {"model": "sessions.session", "pk": "spjkbfi9xkmsvdx00lra79ykvpw814m8", "fields": {"session_data": ".eJy1j8EKwyAQRH-lzNkUl3jRbykEm4QiiKZGD23w35O19NZeCj3sMOwuO283jDZlmA3Eci82ZJcfMCSwJDfOMOhJyrOUEBijj-noXIpUZFmVZO2bKmp-av7avD79ZfVAWd1zHtY5D6svN4bsGBNVgFRHSmsupv721Xv-y1cf8l-hqJXvlSWGwU0woXhfd0W3ZiQ:1kYRVc:QrIIN9UZWtb7odzF3tdkTAX854vum3y3DcyO14PCCso", "expire_date": "2020-11-13T10:19:48.856Z"}}, {"model": "sessions.session", "pk": "sz29jwboctsw7q7k8dt20xsinfj5myzk", "fields": {"session_data": "eyJjYXJ0Ijp7fX0:1kbkpz:uuvIufVJXEYYDCw_kT3kD9yw3JIDah0HwLfUYN33CjI", "expire_date": "2020-11-22T13:34:31.365Z"}}, {"model": "sessions.session", "pk": "utemrgieyhr8l8bcjxvwnp4bjhd8swa4", "fields": {"session_data": "eyJjYXJ0Ijp7fX0:1kZ6oS:CvISMzotmJGuLQHTgzL6UcE4CuZqDAgg01FQxmS5ueE", "expire_date": "2020-11-15T06:26:00.221Z"}}, {"model": "sessions.session", "pk": "w27ode3qzdkcu46sool7on83l80ls2am", "fields": {"session_data": "eyJjYXJ0Ijp7fX0:1kZwxo:zOmrVd3LqEeUZcfvJYsnl1Qi8wsguox7HIFj4RsKHLw", "expire_date": "2020-11-17T14:07:08.357Z"}}, {"model": "sessions.session", "pk": "wmu9dxq3h9dfk0cs5qasxxda68z2rm38", "fields": {"session_data": ".eJyVUMtuhDAM_BefKYqDs0u4td9RCeVFQUVASSK1Wu2_N2GRukhVHwdbzjgzHvsCRq0BmgtgSw9IUuYoGXuOjDjmXNVbtne1xMx4i2oKQ_iAhhewrINx0MBOhwLMPM5rQn5WgkydbTSh9S7FGF8S52blrjdYaPBafOcSVc601dWWCb_mkL7N4UfH9Jvjv6n-y32y36oY-jZ6t24YIBwwrcyrm3JDjWOGS2XMHKdQbn_2ti8f08ulTYwKwzw97ayDVK98n3SE6pzSXArLLCfj0FjHhLRY45lxtN1Z2k51lmrUlRTOnqzTdWeEIC2IqizqnfdpTOvel2FNt0PO5ImxfK-4JDxvMsVxvH4CTwi0OQ:1kYVoF:6Dt1u8rBmkRT9Rq-qkFyi41KRFN4vFY9KGLPUvdVfKA", "expire_date": "2020-11-13T14:55:19.558Z"}}, {"model": "sessions.session", "pk": "xw037qp1pgiooc8huska2zk7g9t8os3i", "fields": {"session_data": "eyJjYXJ0Ijp7fX0:1kbOrY:m5zwF1yh1KkOCx8QOzm5nfmts69662Kq7rXtJzoDIAQ", "expire_date": "2020-11-21T14:06:40.978Z"}}, {"model": "sessions.session", "pk": "xw274pg4y3z3nxhb6jb73tdwdzuhhqni", "fields": {"session_data": ".eJytjssKgzAQRf9l1iqTx6LJtxSCVSmBoFaTRSv59yajIC1taaEhXC4D93AWaOrJg16AG1YyxPQrxGNAyeqckrqglIx6S_1EXbG8vYS699ZfQbMCxsk2HWhYSVBAM7hhSofvoWk021tn5s6b2YVzpmU5iEXyFKVAFD968kdPvnuKv3qS3OopS6HSS1EplQd8RRx20NY_2dH6ye496IXRpgExZkgYh97YFnQfnIt3cQSQsA:1kYSmb:Uy9PHjcHb98OwZYLdu5wfJGctjyoJBWNy335n8UhtjU", "expire_date": "2020-11-13T11:41:25.787Z"}}, {"model": "sessions.session", "pk": "zy4m06vua5vy1f4kdhuq5rc7gfwmz6hw", "fields": {"session_data": "eyJjYXJ0Ijp7fX0:1kfeZP:BepTTLoMpSRUlQFaDQRpE-qf1nB4NYl2Lg5B-0SWMoc", "expire_date": "2020-12-03T07:41:31.527Z"}}, {"model": "sites.site", "pk": 3, "fields": {"domain": "localhost:8000", "name": "Bauer Dress"}}, {"model": "shop.category", "pk": 2, "fields": {"seo_title": "Платья для девочек", "seo_description": "Купить платья для девочек в г. Новосибирск с бесплатной доставкой по городу", "name": "Повседневные платья", "slug": "povsednevnye-platya"}}, {"model": "shop.category", "pk": 3, "fields": {"seo_title": "Купить повязки", "seo_description": "Купить повязки в интернет-магазине Bauer Dress, в Новосибирске", "name": "Повязки", "slug": "povyazki"}}, {"model": "shop.category", "pk": 4, "fields": {"seo_title": "Купить трусики на подгузники для девочки", "seo_description": "Купить трусики на подгузники для девочки в Новосибирске, онлайн-магазин Bauer Dress", "name": "Трусики на подгузники", "slug": "trusiki-na-podguzniki"}}, {"model": "shop.category", "pk": 6, "fields": {"seo_title": "Купить праздничные платья в г.Новосибирск", "seo_description": "Праздничные платья в г.Новосибирск по выгодной цене и высоким качеством", "name": "Праздничные платья", "slug": "prazdnichnye-platya"}}, {"model": "shop.category", "pk": 7, "fields": {"seo_title": "Купить Фэмили Лук в онлайн-магазине Bauer Dress", "seo_description": "Фэмили Лук, Family Look высокого качества и по недорогой цене в онлайн-магазине Bauer Dress", "name": "Фэмили лук", "slug": "femili-luk"}}, {"model": "shop.category", "pk": 8, "fields": {"seo_title": "Купить заколки в интернет-магазине Bauer Dress", "seo_description": "Купить заколки недорого в интернет-магазине Bauer Dress с бесплатной доставкой по городу(в 10км от центра))", "name": "Заколки", "slug": "zakolki"}}, {"model": "shop.material", "pk": 2, "fields": {"name": "Хлопок", "slug": "hlopok"}}, {"model": "shop.material", "pk": 3, "fields": {"name": "Полиэстер", "slug": "poliester"}}, {"model": "shop.tag", "pk": 3, "fields": {"name": "до 3х лет", "slug": "do-3h-let"}}, {"model": "shop.tag", "pk": 4, "fields": {"name": "до 12 лет", "slug": "do-12-let"}}, {"model": "shop.tag", "pk": 5, "fields": {"name": "до 6 лет", "slug": "do-6-let"}}, {"model": "shop.tag", "pk": 6, "fields": {"name": "до 8 лет", "slug": "do-8-let"}}, {"model": "shop.tag", "pk": 7, "fields": {"name": "любой возраст", "slug": "lyuboj-vozrast"}}, {"model": "shop.product", "pk": 3, "fields": {"category": 7, "name": "Пастила Family look", "slug": "pastila-family-look", "description": "<p>Комплект платьев для мамы и доченьки привлекают внимание вдвойне</p>", "material": 2, "price_from": "5000.00", "price_to": "5000.00", "stock": 1, "can_spend": false, "created": "2020-11-03T12:56:18.990Z", "updated": "2020-12-05T13:50:13.831Z", "tag": 7, "rent": false, "pay_method": null}}, {"model": "shop.product", "pk": 4, "fields": {"category": 2, "name": "Джелато", "slug": "dzhelato", "description": "<p>Дополнить образ можно трусиками в тон платья или контрастного цвета</p>", "material": 2, "price_from": "700.00", "price_to": "1000.00", "stock": 1, "can_spend": false, "created": "2020-11-03T13:32:28.379Z", "updated": "2020-12-05T13:32:34.803Z", "tag": 3, "rent": false, "pay_method": null}}, {"model": "shop.product", "pk": 5, "fields": {"category": 2, "name": "Ириска", "slug": "iriska", "description": "<p>Платье именно с этим принтом выбрал Уолт Дисней для модницы мышонка Мини. Принт полька дот будет актуален ещё несколько сезонов, поэтому без сомнений выбираем его!</p>", "material": 2, "price_from": "1300.00", "price_to": "1900.00", "stock": 0, "can_spend": false, "created": "2020-11-03T13:36:50.906Z", "updated": "2020-12-05T13:35:22.116Z", "tag": 3, "rent": false, "pay_method": null}}, {"model": "shop.product", "pk": 6, "fields": {"category": 2, "name": "Карамелька", "slug": "karamelka", "description": "<p>В этом платье нежность в кубе: нежные цвет, принт и ощущения от прикосновения. Вашей малышке понравится. Польский хлопок, из которого сшито платье, в моем рейтинге приятности на 1 месте</p>", "material": 2, "price_from": "1900.00", "price_to": "2500.00", "stock": 1, "can_spend": false, "created": "2020-11-03T13:44:26.820Z", "updated": "2020-12-05T13:33:17.945Z", "tag": 3, "rent": false, "pay_method": null}}, {"model": "shop.product", "pk": 7, "fields": {"category": 2, "name": "Кексик", "slug": "keksik", "description": "<p>Короткое платьеце. Завышенная талия. Пышная 3-х уровневая юбка. Плечи украшены двусторонними турецкими бантами. Подклад из нежнейшего батиста. Молния на спинке. Гипоаллергенная ткань</p>", "material": 2, "price_from": "1600.00", "price_to": "2200.00", "stock": 1, "can_spend": false, "created": "2020-11-03T13:52:37.875Z", "updated": "2020-12-05T13:33:48.995Z", "tag": 3, "rent": false, "pay_method": null}}, {"model": "shop.product", "pk": 8, "fields": {"category": 2, "name": "Клубника", "slug": "klubnika", "description": "<p>Лето должно быть ярким</p>", "material": 2, "price_from": "1400.00", "price_to": "1900.00", "stock": 1, "can_spend": false, "created": "2020-11-03T13:57:48.835Z", "updated": "2020-12-05T13:34:11.782Z", "tag": 4, "rent": false, "pay_method": null}}, {"model": "shop.product", "pk": 9, "fields": {"category": 2, "name": "Конфетка", "slug": "konfetka", "description": "<p>Хлопковое платье идеально для летних прогулок смело выгуливайте платье знойным летом и посчитайте, сколько взглядов прохожих попадётся на крючок юной модницы?</p>", "material": 2, "price_from": "2000.00", "price_to": "2600.00", "stock": 1, "can_spend": false, "created": "2020-11-08T11:53:56.243Z", "updated": "2020-12-05T13:42:31.011Z", "tag": 5, "rent": false, "pay_method": null}}, {"model": "shop.product", "pk": 10, "fields": {"category": 2, "name": "Леденец", "slug": "ledenec", "description": "<p>Платье имеет открытую спинку и короткие рукава для комфортной летней прогулки оборки - хит сезона присоединяйся к сильному лету вместе с <a href=\"https://www.instagram.com/bauerdress/\" target=\"_blank\">@bauerdress </a></p>", "material": 2, "price_from": "1700.00", "price_to": "2300.00", "stock": 1, "can_spend": false, "created": "2020-11-08T12:04:14.207Z", "updated": "2020-12-05T13:43:42.650Z", "tag": 6, "rent": false, "pay_method": null}}, {"model": "shop.product", "pk": 11, "fields": {"category": 2, "name": "Макарон", "slug": "makaron", "description": "<p>Рукава крылышки⠀<br />\r\nНежнейший розовый⠀<br />\r\nМолния на спинке⠀<br />\r\nДлина платья ниже колена⠀<br />\r\nГустая оборка украшает юбку</p>", "material": 2, "price_from": "1500.00", "price_to": "2300.00", "stock": 1, "can_spend": false, "created": "2020-11-08T12:11:29.700Z", "updated": "2020-12-05T13:51:48.984Z", "tag": 4, "rent": false, "pay_method": null}}, {"model": "shop.product", "pk": 12, "fields": {"category": 2, "name": "Марципан", "slug": "marcipan", "description": "<p>Яркое платье на любом празднике запомнят все оно восхищает, притягивает внимание и не раз услышите вопрос &#39;Где такое же взять?&#39;</p>", "material": 3, "price_from": "2800.00", "price_to": "3200.00", "stock": 1, "can_spend": false, "created": "2020-11-08T12:20:02.417Z", "updated": "2020-12-05T13:49:43.109Z", "tag": 7, "rent": false, "pay_method": null}}, {"model": "shop.product", "pk": 13, "fields": {"category": 2, "name": "Пастила", "slug": "pastila", "description": "<div>Стильное и удобное платьеце понравится не только малышке</div>\r\n\r\n<div>Пышная 3х ярусная юбка⠀<br />\r\nДлинные рукава⠀<br />\r\nМолния на спинке⠀<br />\r\nПодклад из батиста⠀<br />\r\nНежный цветочный принт</div>\r\n\r\n<p>&nbsp;</p>", "material": 2, "price_from": "1600.00", "price_to": "2400.00", "stock": 1, "can_spend": false, "created": "2020-11-08T12:28:22.709Z", "updated": "2020-12-05T13:47:24.419Z", "tag": 6, "rent": false, "pay_method": null}}, {"model": "shop.product", "pk": 14, "fields": {"category": 2, "name": "Пирожное", "slug": "pirozhnoe", "description": "<p>Горловина оформлена контрастными рюшами<br />\r\nПодклад из нежнейшего батиста<br />\r\nРюши и бант<br />\r\nРукав фанарик<br />\r\nПышная юбка<br />\r\nВоланы на подоле</p>", "material": 2, "price_from": "2000.00", "price_to": "2600.00", "stock": 1, "can_spend": false, "created": "2020-11-08T12:35:38.605Z", "updated": "2020-12-05T13:48:22.941Z", "tag": 6, "rent": false, "pay_method": null}}, {"model": "shop.product", "pk": 15, "fields": {"category": 3, "name": "Солоха", "slug": "soloha", "description": "<p>Прекрасное украшение или аксессуар для акцентирования внимания</p>", "material": 2, "price_from": "300.00", "price_to": "3000.00", "stock": 1, "can_spend": false, "created": "2020-11-08T12:56:02.834Z", "updated": "2020-12-05T13:49:09.660Z", "tag": 7, "rent": false, "pay_method": null}}, {"model": "shop.gallery", "pk": 8, "fields": {"image": "gallery/img_6151-edit.webp", "alt": "Детское платье", "product": 3}}, {"model": "shop.gallery", "pk": 9, "fields": {"image": "gallery/img_6172-edit.webp", "alt": "Детское платье", "product": 3}}, {"model": "shop.gallery", "pk": 10, "fields": {"image": "gallery/img_6193-edit.webp", "alt": "Детское платье", "product": 3}}, {"model": "shop.gallery", "pk": 11, "fields": {"image": "gallery/IMG_4441.webp", "alt": "Детское бирюзовое платье", "product": 4}}, {"model": "shop.gallery", "pk": 12, "fields": {"image": "gallery/IMG_4453.webp", "alt": "Детское бирюзовое платье", "product": 4}}, {"model": "shop.gallery", "pk": 13, "fields": {"image": "gallery/IMG_3392_.webp", "alt": "Детское платье в белый горошек", "product": 5}}, {"model": "shop.gallery", "pk": 14, "fields": {"image": "gallery/IMG_3409.webp", "alt": "Детское платье в белый горошек", "product": 5}}, {"model": "shop.gallery", "pk": 15, "fields": {"image": "gallery/IMG_3411-Edit.webp", "alt": "Детское платье в белый горошек", "product": 5}}, {"model": "shop.gallery", "pk": 16, "fields": {"image": "gallery/IMG_3443.webp", "alt": "Детское платье в белый горошек", "product": 5}}, {"model": "shop.gallery", "pk": 17, "fields": {"image": "gallery/IMG_3449-Edit.webp", "alt": "Белое детское платье", "product": 6}}, {"model": "shop.gallery", "pk": 18, "fields": {"image": "gallery/IMG_4936-Edit.webp", "alt": "Белое детское платье", "product": 6}}, {"model": "shop.gallery", "pk": 19, "fields": {"image": "gallery/IMG_4937.webp", "alt": "Белое детское платье", "product": 6}}, {"model": "shop.gallery", "pk": 20, "fields": {"image": "gallery/IMG_4958-Edit.webp", "alt": "Белое детское платье", "product": 6}}, {"model": "shop.gallery", "pk": 21, "fields": {"image": "gallery/IMG_2931.webp", "alt": "Пышное детское платье", "product": 7}}, {"model": "shop.gallery", "pk": 22, "fields": {"image": "gallery/IMG_2939.webp", "alt": "Пышное детское платье", "product": 7}}, {"model": "shop.gallery", "pk": 23, "fields": {"image": "gallery/IMG_2961-Edit.webp", "alt": "Пышное детское платье", "product": 7}}, {"model": "shop.gallery", "pk": 24, "fields": {"image": "gallery/IMG_2969.webp", "alt": "Пышное детское платье", "product": 7}}, {"model": "shop.gallery", "pk": 25, "fields": {"image": "gallery/IMG_4375.webp", "alt": "Розовое платье в горошек", "product": 8}}, {"model": "shop.gallery", "pk": 26, "fields": {"image": "gallery/IMG_4435.webp", "alt": "Розовое платье в горошек", "product": 8}}, {"model": "shop.gallery", "pk": 27, "fields": {"image": "gallery/IMG_4449.webp", "alt": "Розовое платье в горошек", "product": 8}}, {"model": "shop.gallery", "pk": 28, "fields": {"image": "gallery/IMG_4302-Edit.jpg", "alt": "Голубое платье", "product": 9}}, {"model": "shop.gallery", "pk": 29, "fields": {"image": "gallery/IMG_4304-Edit.jpg", "alt": "Голубое платье", "product": 9}}, {"model": "shop.gallery", "pk": 30, "fields": {"image": "gallery/IMG_4317-Edit.webp", "alt": "Голубое платье", "product": 9}}, {"model": "shop.gallery", "pk": 31, "fields": {"image": "gallery/IMG_4324.webp", "alt": "Голубое платье", "product": 9}}, {"model": "shop.gallery", "pk": 32, "fields": {"image": "gallery/img_4442.webp", "alt": "Белое платье в полоску", "product": 10}}, {"model": "shop.gallery", "pk": 33, "fields": {"image": "gallery/img_4444.webp", "alt": "Белое платье в полоску", "product": 10}}, {"model": "shop.gallery", "pk": 34, "fields": {"image": "gallery/img_4454.webp", "alt": "Белое платье в полоску", "product": 10}}, {"model": "shop.gallery", "pk": 35, "fields": {"image": "gallery/dont_compress.jpg", "alt": "Белое платье в полоску", "product": 10}}, {"model": "shop.gallery", "pk": 36, "fields": {"image": "gallery/IMG_5952-Edit.webp", "alt": "Розовое платье", "product": 11}}, {"model": "shop.gallery", "pk": 37, "fields": {"image": "gallery/IMG_5959.webp", "alt": "Розовое платье", "product": 11}}, {"model": "shop.gallery", "pk": 38, "fields": {"image": "gallery/IMG_5976-Edit.webp", "alt": "Розовое платье", "product": 11}}, {"model": "shop.gallery", "pk": 39, "fields": {"image": "gallery/img_0002.webp", "alt": "Объемное розовое платье", "product": 12}}, {"model": "shop.gallery", "pk": 40, "fields": {"image": "gallery/img_0008-871.webp", "alt": "Объемное розовое платье", "product": 12}}, {"model": "shop.gallery", "pk": 41, "fields": {"image": "gallery/bauerdress_118681836_159184245838589_1109145634765114350_n_1.jpg", "alt": "Розовое платье", "product": 13}}, {"model": "shop.gallery", "pk": 42, "fields": {"image": "gallery/bauerdress_118712388_2770170879868578_8288387865461243514_n_1.jpg", "alt": "Розовое платье", "product": 13}}, {"model": "shop.gallery", "pk": 43, "fields": {"image": "gallery/img_7204.webp", "alt": "Девочка в розовом платье", "product": 13}}, {"model": "shop.gallery", "pk": 44, "fields": {"image": "gallery/img_3017-edit.webp", "alt": "Платье серо-шоколадного цвета", "product": 14}}, {"model": "shop.gallery", "pk": 45, "fields": {"image": "gallery/img_3041.webp", "alt": "Платье серо-шоколадного цвета", "product": 14}}, {"model": "shop.gallery", "pk": 46, "fields": {"image": "gallery/img_3043.webp", "alt": "Платье серо-шоколадного цвета", "product": 14}}, {"model": "shop.gallery", "pk": 47, "fields": {"image": "gallery/img_2649.webp", "alt": "Белая и коричневая солоха", "product": 15}}, {"model": "shop.gallery", "pk": 48, "fields": {"image": "gallery/img_2650.webp", "alt": "Коричневая солоха", "product": 15}}, {"model": "shop.gallery", "pk": 49, "fields": {"image": "gallery/img_2651.webp", "alt": "Белая солоха", "product": 15}}, {"model": "shop.gallery", "pk": 50, "fields": {"image": "gallery/img_2657.webp", "alt": "Белая и коричневая солоха", "product": 15}}, {"model": "shop.gallery", "pk": 51, "fields": {"image": "gallery/img_2944.webp", "alt": "Розовая солоха", "product": 15}}, {"model": "shop.sizeset", "pk": 1, "fields": {}}, {"model": "shop.sizeset", "pk": 2, "fields": {}}, {"model": "shop.sizeset", "pk": 3, "fields": {}}, {"model": "shop.sizeset", "pk": 4, "fields": {}}, {"model": "shop.sizeset", "pk": 5, "fields": {}}, {"model": "shop.sizeset", "pk": 6, "fields": {}}, {"model": "shop.sizeset", "pk": 7, "fields": {}}, {"model": "shop.sizeset", "pk": 8, "fields": {}}, {"model": "shop.sizeset", "pk": 9, "fields": {}}, {"model": "shop.sizeset", "pk": 10, "fields": {}}, {"model": "shop.sizeset", "pk": 11, "fields": {}}, {"model": "shop.sizeset", "pk": 13, "fields": {}}, {"model": "shop.size", "pk": 1, "fields": {"size": "50", "size_set": 1}}, {"model": "shop.size", "pk": 2, "fields": {"size": "56", "size_set": 1}}, {"model": "shop.size", "pk": 3, "fields": {"size": "62", "size_set": 2}}, {"model": "shop.size", "pk": 4, "fields": {"size": "68", "size_set": 2}}, {"model": "shop.size", "pk": 5, "fields": {"size": "74", "size_set": 2}}, {"model": "shop.size", "pk": 6, "fields": {"size": "80", "size_set": 2}}, {"model": "shop.size", "pk": 7, "fields": {"size": "86", "size_set": 3}}, {"model": "shop.size", "pk": 8, "fields": {"size": "92", "size_set": 3}}, {"model": "shop.size", "pk": 9, "fields": {"size": "98", "size_set": 3}}, {"model": "shop.size", "pk": 10, "fields": {"size": "104", "size_set": 3}}, {"model": "shop.size", "pk": 11, "fields": {"size": "108", "size_set": 4}}, {"model": "shop.size", "pk": 12, "fields": {"size": "104", "size_set": 4}}, {"model": "shop.size", "pk": 13, "fields": {"size": "110", "size_set": 4}}, {"model": "shop.size", "pk": 14, "fields": {"size": "116", "size_set": 4}}, {"model": "shop.size", "pk": 15, "fields": {"size": "122", "size_set": 4}}, {"model": "shop.size", "pk": 16, "fields": {"size": "128", "size_set": 5}}, {"model": "shop.size", "pk": 17, "fields": {"size": "134", "size_set": 5}}, {"model": "shop.size", "pk": 18, "fields": {"size": "140", "size_set": 5}}, {"model": "shop.size", "pk": 19, "fields": {"size": "74", "size_set": 6}}, {"model": "shop.size", "pk": 20, "fields": {"size": "80", "size_set": 6}}, {"model": "shop.size", "pk": 21, "fields": {"size": "86", "size_set": 6}}, {"model": "shop.size", "pk": 22, "fields": {"size": "92", "size_set": 6}}, {"model": "shop.size", "pk": 23, "fields": {"size": "98", "size_set": 7}}, {"model": "shop.size", "pk": 24, "fields": {"size": "104", "size_set": 7}}, {"model": "shop.size", "pk": 25, "fields": {"size": "110", "size_set": 7}}, {"model": "shop.size", "pk": 26, "fields": {"size": "116", "size_set": 7}}, {"model": "shop.size", "pk": 27, "fields": {"size": "122", "size_set": 8}}, {"model": "shop.size", "pk": 28, "fields": {"size": "128", "size_set": 8}}, {"model": "shop.size", "pk": 29, "fields": {"size": "134", "size_set": 8}}, {"model": "shop.size", "pk": 30, "fields": {"size": "140", "size_set": 8}}, {"model": "shop.size", "pk": 31, "fields": {"size": "50", "size_set": 9}}, {"model": "shop.size", "pk": 32, "fields": {"size": "62", "size_set": 9}}, {"model": "shop.size", "pk": 33, "fields": {"size": "68", "size_set": 10}}, {"model": "shop.size", "pk": 34, "fields": {"size": "70", "size_set": 10}}, {"model": "shop.size", "pk": 35, "fields": {"size": "110", "size_set": 11}}, {"model": "shop.size", "pk": 36, "fields": {"size": "122", "size_set": 11}}, {"model": "shop.size", "pk": 38, "fields": {"size": "∞", "size_set": 13}}, {"model": "shop.size", "pk": 39, "fields": {"size": "∞", "size_set": 13}}, {"model": "shop.color", "pk": 1, "fields": {"name": "Красный"}}, {"model": "shop.color", "pk": 2, "fields": {"name": "Синий"}}, {"model": "shop.color", "pk": 3, "fields": {"name": "Розовый"}}, {"model": "shop.productset", "pk": 9, "fields": {"product": 3, "size_set": 13, "price": "5000.00", "slug": "1-5000"}}, {"model": "shop.productset", "pk": 13, "fields": {"product": 4, "size_set": 1, "price": "700.00", "slug": "1-700"}}, {"model": "shop.productset", "pk": 14, "fields": {"product": 4, "size_set": 2, "price": "800.00", "slug": "2-800"}}, {"model": "shop.productset", "pk": 15, "fields": {"product": 4, "size_set": 3, "price": "900.00", "slug": "3-900"}}, {"model": "shop.productset", "pk": 16, "fields": {"product": 4, "size_set": 4, "price": "1000.00", "slug": "4-1000"}}, {"model": "shop.productset", "pk": 17, "fields": {"product": 5, "size_set": 1, "price": "1300.00", "slug": "1-1300"}}, {"model": "shop.productset", "pk": 18, "fields": {"product": 5, "size_set": 2, "price": "1500.00", "slug": "2-1500"}}, {"model": "shop.productset", "pk": 19, "fields": {"product": 5, "size_set": 3, "price": "1700.00", "slug": "3-1700"}}, {"model": "shop.productset", "pk": 20, "fields": {"product": 5, "size_set": 4, "price": "1900.00", "slug": "4-1900"}}, {"model": "shop.productset", "pk": 21, "fields": {"product": 6, "size_set": 1, "price": "1900.00", "slug": "1-1900"}}, {"model": "shop.productset", "pk": 22, "fields": {"product": 6, "size_set": 2, "price": "2100.00", "slug": "2-2100"}}, {"model": "shop.productset", "pk": 23, "fields": {"product": 6, "size_set": 3, "price": "2300.00", "slug": "3-2300"}}, {"model": "shop.productset", "pk": 24, "fields": {"product": 6, "size_set": 4, "price": "2500.00", "slug": "4-2500"}}, {"model": "shop.productset", "pk": 25, "fields": {"product": 7, "size_set": 1, "price": "1600.00", "slug": "1-1600"}}, {"model": "shop.productset", "pk": 26, "fields": {"product": 7, "size_set": 2, "price": "1800.00", "slug": "2-1800"}}, {"model": "shop.productset", "pk": 27, "fields": {"product": 7, "size_set": 3, "price": "2000.00", "slug": "3-2000"}}, {"model": "shop.productset", "pk": 28, "fields": {"product": 7, "size_set": 4, "price": "2200.00", "slug": "4-2200"}}, {"model": "shop.productset", "pk": 29, "fields": {"product": 8, "size_set": 1, "price": "1400.00", "slug": "1-1400"}}, {"model": "shop.productset", "pk": 30, "fields": {"product": 8, "size_set": 2, "price": "1400.00", "slug": "2-1400"}}, {"model": "shop.productset", "pk": 31, "fields": {"product": 8, "size_set": 3, "price": "1400.00", "slug": "3-1400"}}, {"model": "shop.productset", "pk": 32, "fields": {"product": 8, "size_set": 4, "price": "1400.00", "slug": "4-1400"}}, {"model": "shop.productset", "pk": 33, "fields": {"product": 9, "size_set": 1, "price": "2000.00", "slug": "1-2000"}}, {"model": "shop.productset", "pk": 34, "fields": {"product": 9, "size_set": 2, "price": "2200.00", "slug": "2-2200"}}, {"model": "shop.productset", "pk": 35, "fields": {"product": 9, "size_set": 3, "price": "2400.00", "slug": "3-2400"}}, {"model": "shop.productset", "pk": 36, "fields": {"product": 9, "size_set": 4, "price": "2600.00", "slug": "4-2600"}}, {"model": "shop.productset", "pk": 37, "fields": {"product": 10, "size_set": 1, "price": "1700.00", "slug": "1-1700"}}, {"model": "shop.productset", "pk": 38, "fields": {"product": 10, "size_set": 2, "price": "1900.00", "slug": "2-1900"}}, {"model": "shop.productset", "pk": 39, "fields": {"product": 10, "size_set": 3, "price": "2100.00", "slug": "3-2100"}}, {"model": "shop.productset", "pk": 40, "fields": {"product": 10, "size_set": 4, "price": "2300.00", "slug": "4-2300"}}, {"model": "shop.productset", "pk": 41, "fields": {"product": 11, "size_set": 1, "price": "1500.00", "slug": "1-1500"}}, {"model": "shop.productset", "pk": 42, "fields": {"product": 11, "size_set": 2, "price": "1700.00", "slug": "2-1700"}}, {"model": "shop.productset", "pk": 43, "fields": {"product": 11, "size_set": 3, "price": "1900.00", "slug": "3-1900"}}, {"model": "shop.productset", "pk": 44, "fields": {"product": 11, "size_set": 4, "price": "2100.00", "slug": "4-2100"}}, {"model": "shop.productset", "pk": 45, "fields": {"product": 11, "size_set": 5, "price": "2300.00", "slug": "5-2300"}}, {"model": "shop.productset", "pk": 46, "fields": {"product": 12, "size_set": 6, "price": "2800.00", "slug": "6-2800"}}, {"model": "shop.productset", "pk": 47, "fields": {"product": 12, "size_set": 7, "price": "3000.00", "slug": "7-3000"}}, {"model": "shop.productset", "pk": 48, "fields": {"product": 12, "size_set": 8, "price": "3200.00", "slug": "8-3200"}}, {"model": "shop.productset", "pk": 49, "fields": {"product": 13, "size_set": 9, "price": "1600.00", "slug": "9-1600"}}, {"model": "shop.productset", "pk": 50, "fields": {"product": 13, "size_set": 10, "price": "1800.00", "slug": "10-1800"}}, {"model": "shop.productset", "pk": 51, "fields": {"product": 13, "size_set": 3, "price": "2000.00", "slug": "3-2000e"}}, {"model": "shop.productset", "pk": 52, "fields": {"product": 13, "size_set": 11, "price": "2200.00", "slug": "11-2200"}}, {"model": "shop.productset", "pk": 53, "fields": {"product": 13, "size_set": 5, "price": "2400.00", "slug": "5-2400"}}, {"model": "shop.productset", "pk": 54, "fields": {"product": 14, "size_set": 1, "price": "2000.00", "slug": "1-2000e"}}, {"model": "shop.productset", "pk": 55, "fields": {"product": 14, "size_set": 2, "price": "2200.00", "slug": "2-2200e"}}, {"model": "shop.productset", "pk": 56, "fields": {"product": 14, "size_set": 3, "price": "2400.00", "slug": "3-2400e"}}, {"model": "shop.productset", "pk": 57, "fields": {"product": 14, "size_set": 4, "price": "2600.00", "slug": "4-2600e"}}, {"model": "shop.productset", "pk": 58, "fields": {"product": 15, "size_set": 13, "price": "300.00", "slug": "12-300"}}, {"model": "orders.order", "pk": 1, "fields": {"paid": false, "first_name": "Олег", "last_name": "Бауэр", "address": "г.Новосибирск, ул.Пушкина 10, 76", "phone": "79232361892", "email": "181001kirill@mail.ru", "created": "2020-11-15T09:31:15.264Z", "updated": "2020-11-15T09:31:15.265Z", "dilivery_method": "2", "comment": "рост-4124, грудь-3", "coupon": null}}, {"model": "orders.order", "pk": 2, "fields": {"paid": false, "first_name": "Олег", "last_name": "Бауэр", "address": "г.Новосибирск, ул.Пушкина 10, 76", "phone": "89232361892", "email": "181001kirill@mail.ru", "created": "2020-11-26T08:16:15.255Z", "updated": "2020-11-26T08:16:15.255Z", "dilivery_method": "2", "comment": "рост вышка", "coupon": null}}, {"model": "orders.order", "pk": 3, "fields": {"paid": false, "first_name": "Олег", "last_name": "Бауэр", "address": "г.Новосибирск, ул.Пушкина 10, 76", "phone": "89232361892", "email": "181001kirill@mail.ru", "created": "2020-11-26T08:16:42.898Z", "updated": "2020-11-26T08:16:42.898Z", "dilivery_method": "2", "comment": "рост вышка", "coupon": null}}, {"model": "orders.order", "pk": 4, "fields": {"paid": false, "first_name": "Олег", "last_name": "Бауэр", "address": "г.Новосибирск, ул.Пушкина 10, 76", "phone": "89232361892", "email": "181001kirill@mail.ru", "created": "2020-11-26T08:16:48.251Z", "updated": "2020-11-26T08:16:48.251Z", "dilivery_method": "2", "comment": "рост вышка", "coupon": null}}, {"model": "orders.order", "pk": 5, "fields": {"paid": false, "first_name": "Олег", "last_name": "Бауэр", "address": "г.Новосибирск, ул.Пушкина 10, 76", "phone": "89232361892", "email": "181001kirill@mail.ru", "created": "2020-11-26T08:26:16.018Z", "updated": "2020-11-26T08:26:16.018Z", "dilivery_method": "2", "comment": "рост вышка", "coupon": null}}, {"model": "orders.order", "pk": 6, "fields": {"paid": false, "first_name": "Олег", "last_name": "Бауэр", "address": "г.Новосибирск, ул.Пушкина 10, 76", "phone": "89232361892", "email": "181001kirill@mail.ru", "created": "2020-11-26T08:28:03.577Z", "updated": "2020-11-26T08:28:03.577Z", "dilivery_method": "2", "comment": "рост вышка", "coupon": null}}, {"model": "orders.order", "pk": 7, "fields": {"paid": false, "first_name": "Олег", "last_name": "Бауэр", "address": "г.Новосибирск, ул.Пушкина 10, 76", "phone": "89232361892", "email": "181001kirill@mail.ru", "created": "2020-11-26T08:29:00.631Z", "updated": "2020-11-26T08:29:00.631Z", "dilivery_method": "2", "comment": "рост вышка", "coupon": null}}, {"model": "orders.order", "pk": 8, "fields": {"paid": false, "first_name": "Олег", "last_name": "Бауэр", "address": "г.Новосибирск, ул.Пушкина 10, 76", "phone": "89232361892", "email": "181001kirill@mail.ru", "created": "2020-11-26T08:29:58.445Z", "updated": "2020-11-26T08:29:58.445Z", "dilivery_method": "2", "comment": "рост вышка", "coupon": null}}, {"model": "orders.order", "pk": 9, "fields": {"paid": false, "first_name": "Олег", "last_name": "Бауэр", "address": "г.Новосибирск, ул.Пушкина 10, 76", "phone": "89232361892", "email": "181001kirill@mail.ru", "created": "2020-11-26T08:31:05.374Z", "updated": "2020-11-26T08:31:05.374Z", "dilivery_method": "2", "comment": "рост вышка", "coupon": null}}, {"model": "orders.order", "pk": 10, "fields": {"paid": false, "first_name": "Олег", "last_name": "Бауэр", "address": "г.Новосибирск, ул.Пушкина 10, 76", "phone": "89232361892", "email": "181001kirill@mail.ru", "created": "2020-11-26T08:33:09.296Z", "updated": "2020-11-26T08:33:09.296Z", "dilivery_method": "2", "comment": "рост вышка", "coupon": null}}, {"model": "orders.order", "pk": 11, "fields": {"paid": false, "first_name": "Олег", "last_name": "Бауэр", "address": "г.Новосибирск, ул.Пушкина 10, 76", "phone": "89232361892", "email": "181001kirill@mail.ru", "created": "2020-11-26T08:34:51.118Z", "updated": "2020-11-26T08:34:51.118Z", "dilivery_method": "2", "comment": "рост вышка", "coupon": null}}, {"model": "orders.order", "pk": 12, "fields": {"paid": false, "first_name": "Олег", "last_name": "Бауэр", "address": "г.Новосибирск, ул.Пушкина 10, 76", "phone": "89232361892", "email": "181001kirill@mail.ru", "created": "2020-11-26T08:37:22.076Z", "updated": "2020-11-26T08:37:22.076Z", "dilivery_method": "2", "comment": "рост вышка", "coupon": null}}, {"model": "orders.order", "pk": 13, "fields": {"paid": false, "first_name": "Олег", "last_name": "Бауэр", "address": "г.Новосибирск, ул.Пушкина 10, 76", "phone": "89232361892", "email": "181001kirill@mail.ru", "created": "2020-11-26T08:38:00.509Z", "updated": "2020-11-26T08:38:00.509Z", "dilivery_method": "2", "comment": "рост вышка", "coupon": null}}, {"model": "orders.order", "pk": 14, "fields": {"paid": false, "first_name": "Олег", "last_name": "Бауэр", "address": "г.Новосибирск, ул.Пушкина 10, 76", "phone": "89232361892", "email": "181001kirill@mail.ru", "created": "2020-11-26T08:40:48.906Z", "updated": "2020-11-26T08:40:48.906Z", "dilivery_method": "2", "comment": "рост вышка", "coupon": null}}, {"model": "orders.order", "pk": 15, "fields": {"paid": false, "first_name": "Олег", "last_name": "Бауэр", "address": "г.Новосибирск, ул.Пушкина 10, 76", "phone": "89232361892", "email": "181001kirill@mail.ru", "created": "2020-11-26T09:09:01.862Z", "updated": "2020-11-26T09:09:01.862Z", "dilivery_method": "2", "comment": "рост вышка", "coupon": null}}, {"model": "orders.order", "pk": 16, "fields": {"paid": false, "first_name": "Олег", "last_name": "Бауэр", "address": "г.Новосибирск, ул.Пушкина 10, 76", "phone": "89232361892", "email": "181001kirill@mail.ru", "created": "2020-11-26T09:29:19.923Z", "updated": "2020-11-26T09:29:19.923Z", "dilivery_method": "2", "comment": "hjkl", "coupon": null}}, {"model": "orders.order", "pk": 17, "fields": {"paid": false, "first_name": "Олег", "last_name": "Бауэр", "address": "г.Новосибирск, ул.Пушкина 10, 76", "phone": "89232361892", "email": "181001kirill@mail.ru", "created": "2020-11-26T09:33:02.912Z", "updated": "2020-11-26T09:33:02.912Z", "dilivery_method": "2", "comment": "tytyujk", "coupon": null}}, {"model": "orders.order", "pk": 18, "fields": {"paid": false, "first_name": "Олег", "last_name": "Бауэр", "address": "г.Новосибирск, ул.Пушкина 10, 76", "phone": "89232361892", "email": "181001kirill@mail.ru", "created": "2020-11-26T09:33:49.260Z", "updated": "2020-11-26T09:33:49.260Z", "dilivery_method": "2", "comment": "tytyujk", "coupon": null}}, {"model": "orders.order", "pk": 19, "fields": {"paid": false, "first_name": "Kirill", "last_name": "Bauer", "address": "г.Новосибирск, ул.Пушкина 10, 76", "phone": "89232361892", "email": "181001kirill@mail.ru", "created": "2020-11-28T04:25:48.321Z", "updated": "2020-11-28T04:25:48.321Z", "dilivery_method": "2", "comment": "рост-4124, грудь-3", "coupon": null}}, {"model": "orders.order", "pk": 20, "fields": {"paid": false, "first_name": "Kirill", "last_name": "Bauer", "address": "г.Новосибирск, ул.Пушкина 10, 76", "phone": "89232361892", "email": "181001kirill@mail.ru", "created": "2020-11-28T04:31:31.186Z", "updated": "2020-11-28T04:31:31.186Z", "dilivery_method": "2", "comment": "рост-4124, грудь-3", "coupon": null}}, {"model": "orders.order", "pk": 21, "fields": {"paid": false, "first_name": "Kirill", "last_name": "Bauer", "address": "г.Новосибирск, ул.Пушкина 10, 76", "phone": "89232361892", "email": "181001kirill@mail.ru", "created": "2020-11-28T04:34:33.539Z", "updated": "2020-11-28T04:34:33.539Z", "dilivery_method": "2", "comment": "рост-4124, грудь-3", "coupon": null}}, {"model": "orders.order", "pk": 22, "fields": {"paid": false, "first_name": "Kirill", "last_name": "Bauer", "address": "г.Новосибирск, ул.Пушкина 10, 76", "phone": "89232361892", "email": "181001kirill@mail.ru", "created": "2020-11-28T04:35:38.991Z", "updated": "2020-11-28T04:35:38.991Z", "dilivery_method": "2", "comment": "рост вышка", "coupon": null}}, {"model": "orders.order", "pk": 23, "fields": {"paid": false, "first_name": "Kirill", "last_name": "Bauer", "address": "г.Новосибирск, ул.Пушкина 10, 76", "phone": "89232361892", "email": "181001kirill@mail.ru", "created": "2020-11-28T04:39:21.753Z", "updated": "2020-11-28T04:39:21.753Z", "dilivery_method": "1", "comment": "рост-4124, грудь-3", "coupon": null}}, {"model": "orders.order", "pk": 24, "fields": {"paid": false, "first_name": "Kirill", "last_name": "Bauer", "address": "г.Новосибирск, ул.Пушкина 10, 76", "phone": "89232361892", "email": "181001kirill@mail.ru", "created": "2020-12-02T07:38:27.308Z", "updated": "2020-12-02T07:38:27.308Z", "dilivery_method": "2", "comment": "рост-4124, грудь-3", "coupon": null}}, {"model": "orders.order", "pk": 25, "fields": {"paid": false, "first_name": "Kirill", "last_name": "Bauer", "address": "г.Новосибирск, ул.Пушкина 10, 76", "phone": "89232361892", "email": "181001kirill@mail.ru", "created": "2020-12-02T07:41:54.768Z", "updated": "2020-12-02T07:41:54.769Z", "dilivery_method": "2", "comment": "рост-4124, грудь-3", "coupon": null}}, {"model": "orders.order", "pk": 26, "fields": {"paid": false, "first_name": "Kirill", "last_name": "Bauer", "address": "г.Новосибирск, ул.Пушкина 10, 76", "phone": "89232361892", "email": "181001kirill@mail.ru", "created": "2020-12-02T07:42:54.877Z", "updated": "2020-12-02T07:42:54.877Z", "dilivery_method": "2", "comment": "рост-4124, грудь-3", "coupon": null}}, {"model": "orders.order", "pk": 27, "fields": {"paid": false, "first_name": "Kirill", "last_name": "Bauer", "address": "г.Новосибирск, ул.Пушкина 10, 76", "phone": "89232361892", "email": "181001kirill@mail.ru", "created": "2020-12-02T07:47:56.669Z", "updated": "2020-12-02T07:47:56.669Z", "dilivery_method": "2", "comment": "рост-4124, грудь-3", "coupon": null}}, {"model": "orders.order", "pk": 28, "fields": {"paid": false, "first_name": "Kirill", "last_name": "Bauer", "address": "г.Новосибирск, ул.Пушкина 10, 76", "phone": "89232361892", "email": "181001kirill@mail.ru", "created": "2020-12-02T07:48:15.669Z", "updated": "2020-12-02T07:48:15.669Z", "dilivery_method": "2", "comment": "рост-4124, грудь-3", "coupon": null}}, {"model": "orders.order", "pk": 29, "fields": {"paid": false, "first_name": "Kirill", "last_name": "Bauer", "address": "г.Новосибирск, ул.Пушкина 10, 76", "phone": "89232361892", "email": "181001kirill@mail.ru", "created": "2020-12-02T17:20:06.125Z", "updated": "2020-12-02T17:20:06.125Z", "dilivery_method": "2", "comment": "рост-4124, грудь-3", "coupon": null}}, {"model": "orders.order", "pk": 30, "fields": {"paid": false, "first_name": "Kirill", "last_name": "Bauer", "address": "г.Новосибирск, ул.Пушкина 10, 76", "phone": "89232361892", "email": "181001kirill@mail.ru", "created": "2020-12-02T17:25:00.933Z", "updated": "2020-12-02T17:25:00.933Z", "dilivery_method": "2", "comment": "рост-4124, грудь-3", "coupon": null}}, {"model": "orders.order", "pk": 31, "fields": {"paid": false, "first_name": "Kirill", "last_name": "Bauer", "address": "г.Новосибирск, ул.Пушкина 10, 76", "phone": "89232361892", "email": "181001kirill@mail.ru", "created": "2020-12-03T12:21:58.193Z", "updated": "2020-12-03T12:21:58.193Z", "dilivery_method": "2", "comment": "рост-4124, грудь-3", "coupon": null}}, {"model": "orders.order", "pk": 32, "fields": {"paid": false, "first_name": "Kirill", "last_name": "Bauer", "address": "г.Новосибирск, ул.Пушкина 10, 76", "phone": "89232361892", "email": "181001kirill@mail.ru", "created": "2020-12-03T12:30:39.477Z", "updated": "2020-12-03T12:30:39.477Z", "dilivery_method": "2", "comment": "рост-4124, грудь-3", "coupon": null}}, {"model": "orders.order", "pk": 33, "fields": {"paid": false, "first_name": "Kirill", "last_name": "Bauer", "address": "г.Новосибирск, ул.Пушкина 10, 76", "phone": "89232361892", "email": "181001kirill@mail.ru", "created": "2020-12-03T12:31:08.954Z", "updated": "2020-12-03T12:31:08.954Z", "dilivery_method": "2", "comment": "рост-4124, грудь-3", "coupon": null}}, {"model": "orders.order", "pk": 34, "fields": {"paid": false, "first_name": "Kirill", "last_name": "Bauer", "address": "г.Новосибирск, ул.Пушкина 10, 76", "phone": "89232361892", "email": "181001kirill@mail.ru", "created": "2020-12-03T12:32:22.316Z", "updated": "2020-12-03T12:32:22.316Z", "dilivery_method": "2", "comment": "рост-4124, грудь-3", "coupon": null}}, {"model": "orders.order", "pk": 35, "fields": {"paid": false, "first_name": "Kirill", "last_name": "Bauer", "address": "г.Новосибирск, ул.Пушкина 10, 76", "phone": "89232361892", "email": "181001kirill@mail.ru", "created": "2020-12-03T12:33:58.739Z", "updated": "2020-12-03T12:33:58.739Z", "dilivery_method": "2", "comment": "рост-4124, грудь-3", "coupon": null}}, {"model": "orders.order", "pk": 36, "fields": {"paid": false, "first_name": "Kirill", "last_name": "Bauer", "address": "г.Новосибирск, ул.Пушкина 10, 76", "phone": "89232361892", "email": "181001kirill@mail.ru", "created": "2020-12-03T15:07:47.166Z", "updated": "2020-12-03T15:07:47.166Z", "dilivery_method": "2", "comment": "рост-4124, грудь-3", "coupon": null}}, {"model": "orders.order", "pk": 37, "fields": {"paid": false, "first_name": "Kirill", "last_name": "Bauer", "address": "г.Новосибирск, ул.Пушкина 10, 76", "phone": "89232361892", "email": "181001kirill@mail.ru", "created": "2020-12-03T15:09:50.905Z", "updated": "2020-12-03T15:09:50.905Z", "dilivery_method": "2", "comment": "рост-4124, грудь-3", "coupon": null}}, {"model": "orders.order", "pk": 38, "fields": {"paid": false, "first_name": "Kirill", "last_name": "Bauer", "address": "г.Новосибирск, ул.Пушкина 10, 76", "phone": "89232361892", "email": "181001kirill@mail.ru", "created": "2020-12-03T15:10:43.307Z", "updated": "2020-12-03T15:10:43.307Z", "dilivery_method": "2", "comment": "рост-4124, грудь-3", "coupon": null}}, {"model": "orders.order", "pk": 39, "fields": {"paid": false, "first_name": "Kirill", "last_name": "Bauer", "address": "г.Новосибирск, ул.Пушкина 10, 76", "phone": "89232361892", "email": "181001kirill@mail.ru", "created": "2020-12-03T15:13:28.125Z", "updated": "2020-12-03T15:13:28.125Z", "dilivery_method": "2", "comment": "рост-4124, грудь-3", "coupon": null}}, {"model": "orders.order", "pk": 40, "fields": {"paid": false, "first_name": "Kirill", "last_name": "Bauer", "address": "г.Новосибирск, ул.Пушкина 10, 76", "phone": "89232361892", "email": "181001kirill@mail.ru", "created": "2020-12-03T15:18:53.293Z", "updated": "2020-12-03T15:18:53.293Z", "dilivery_method": "2", "comment": "рост-4124, грудь-3", "coupon": null}}, {"model": "orders.order", "pk": 41, "fields": {"paid": false, "first_name": "Kirill", "last_name": "Bauer", "address": "г.Новосибирск, ул.Пушкина 10, 76", "phone": "89232361892", "email": "181001kirill@mail.ru", "created": "2020-12-03T15:22:06.312Z", "updated": "2020-12-03T15:22:06.312Z", "dilivery_method": "2", "comment": "рост-4124, грудь-3", "coupon": null}}, {"model": "orders.order", "pk": 42, "fields": {"paid": false, "first_name": "Kirill", "last_name": "Bauer", "address": "г.Новосибирск, ул.Пушкина 10, 76", "phone": "89232361892", "email": "181001kirill@mail.ru", "created": "2020-12-05T11:16:07.653Z", "updated": "2020-12-05T11:16:07.653Z", "dilivery_method": "2", "comment": "рост-4124, грудь-3", "coupon": null}}, {"model": "orders.order", "pk": 43, "fields": {"paid": false, "first_name": "Kirill", "last_name": "Bauer", "address": "г.Новосибирск, ул.Пушкина 10, 76", "phone": "89232361892", "email": "181001kirill@mail.ru", "created": "2020-12-05T11:17:05.385Z", "updated": "2020-12-05T11:17:05.385Z", "dilivery_method": "2", "comment": "рост-4124, грудь-3", "coupon": null}}, {"model": "orders.order", "pk": 44, "fields": {"paid": false, "first_name": "Kirill", "last_name": "Bauer", "address": "г.Новосибирск, ул.Пушкина 10, 76", "phone": "89232361892", "email": "181001kirill@mail.ru", "created": "2020-12-05T11:18:01.451Z", "updated": "2020-12-05T11:18:01.451Z", "dilivery_method": "2", "comment": "рост-4124, грудь-3", "coupon": null}}, {"model": "orders.order", "pk": 45, "fields": {"paid": false, "first_name": "Kirill", "last_name": "Bauer", "address": "г.Новосибирск, ул.Пушкина 10, 76", "phone": "89232361892", "email": "181001kirill@mail.ru", "created": "2020-12-07T08:02:40.513Z", "updated": "2020-12-07T08:02:40.513Z", "dilivery_method": "2", "comment": "рост-4124, грудь-3", "coupon": null}}, {"model": "orders.order", "pk": 46, "fields": {"paid": false, "first_name": "Kirill", "last_name": "Bauer", "address": "г.Новосибирск, ул.Пушкина 10, 76", "phone": "89232361892", "email": "181001kirill@mail.ru", "created": "2020-12-07T08:07:04.626Z", "updated": "2020-12-07T08:07:04.626Z", "dilivery_method": "2", "comment": "рост-4124, грудь-3", "coupon": null}}, {"model": "orders.order", "pk": 47, "fields": {"paid": false, "first_name": "Kirill", "last_name": "Bauer", "address": "г.Новосибирск, ул.Пушкина 10, 76", "phone": "89232361892", "email": "181001kirill@mail.ru", "created": "2020-12-07T08:07:27.822Z", "updated": "2020-12-07T08:07:27.822Z", "dilivery_method": "2", "comment": "рост-4124, грудь-3", "coupon": null}}, {"model": "orders.orderitem", "pk": 75, "fields": {"order": 1, "product": 3, "product_set": null, "price": "5000.00", "quantity": 1, "size": "108-122", "color": "Красный"}}, {"model": "orders.orderitem", "pk": 76, "fields": {"order": 2, "product": 12, "product_set": 47, "price": "3000.00", "quantity": 1, "size": "98-116", "color": "Красный"}}, {"model": "orders.orderitem", "pk": 77, "fields": {"order": 3, "product": 12, "product_set": 47, "price": "3000.00", "quantity": 1, "size": "98-116", "color": "Красный"}}, {"model": "orders.orderitem", "pk": 78, "fields": {"order": 16, "product": 3, "product_set": 9, "price": "5000.00", "quantity": 1, "size": "∞-∞", "color": "Красный"}}, {"model": "orders.orderitem", "pk": 79, "fields": {"order": 17, "product": 3, "product_set": 9, "price": "5000.00", "quantity": 1, "size": "∞-∞", "color": "Красный"}}, {"model": "orders.orderitem", "pk": 80, "fields": {"order": 19, "product": 12, "product_set": 46, "price": "2800.00", "quantity": 1, "size": "74-92", "color": "Красный"}}, {"model": "orders.orderitem", "pk": 81, "fields": {"order": 19, "product": 12, "product_set": 47, "price": "3000.00", "quantity": 1, "size": "98-116", "color": "Синий"}}, {"model": "orders.orderitem", "pk": 82, "fields": {"order": 22, "product": 12, "product_set": 47, "price": "3000.00", "quantity": 1, "size": "98-116", "color": "Красный"}}, {"model": "orders.orderitem", "pk": 83, "fields": {"order": 23, "product": 12, "product_set": 47, "price": "3000.00", "quantity": 1, "size": "98-116", "color": "Красный"}}, {"model": "orders.orderitem", "pk": 84, "fields": {"order": 24, "product": 12, "product_set": 46, "price": "2800.00", "quantity": 1, "size": "74-92", "color": "Красный"}}, {"model": "orders.orderitem", "pk": 85, "fields": {"order": 29, "product": 3, "product_set": 9, "price": "5000.00", "quantity": 1, "size": "∞-∞", "color": "Красный"}}, {"model": "orders.orderitem", "pk": 86, "fields": {"order": 31, "product": 12, "product_set": 46, "price": "2800.00", "quantity": 1, "size": "74-92", "color": "Красный"}}, {"model": "orders.orderitem", "pk": 87, "fields": {"order": 36, "product": 12, "product_set": 46, "price": "2800.00", "quantity": 1, "size": "74-92", "color": "Красный"}}, {"model": "orders.orderitem", "pk": 88, "fields": {"order": 42, "product": 12, "product_set": 46, "price": "2800.00", "quantity": 1, "size": "74-92", "color": "Красный"}}, {"model": "orders.orderitem", "pk": 89, "fields": {"order": 45, "product": 12, "product_set": 46, "price": "2800.00", "quantity": 1, "size": "74-92", "color": "Красный"}}, {"model": "wishlist.wishlist", "pk": 1, "fields": {"user": 1}}, {"model": "wishlist.wishlist", "pk": 2, "fields": {"user": 2}}, {"model": "wishlist.wishlist", "pk": 3, "fields": {"user": 3}}, {"model": "wishlist.wishlistitem", "pk": 29, "fields": {"product": 14, "wishlist": 2, "price": "2000.00", "product_set": 54, "date": "2020-11-08T12:45:37.407Z", "quantity": 1, "status_bought": true}}, {"model": "information.oftenquestion", "pk": 1, "fields": {"question": "Lorem sit da ipsum dolor amet?", "response": "Ipsum ales zum ames egeras!", "created": "2020-10-29T13:19:34.736Z", "updated": "2020-10-29T13:19:34.736Z"}}, {"model": "information.delivery", "pk": 1, "fields": {"title": "Доставка", "content": "<div>По Новосибирску от центра 10 км - бесплатно,</div>\r\n\r\n<div>далее но не более 30 км - курьер 350р,</div>\r\n\r\n<div>почта России - 270р.</div>"}}, {"model": "information.help", "pk": 1, "fields": {"title": "Помощь", "content": "<div>\r\n<div>Если у вас что-то не так с товаром, мы готовы помочь вам в любой ситуации, главное напишите или позвоните нам.</div>\r\n\r\n<div>Текстильные изделия возврату не подлежат.</div>\r\n\r\n<div>Контакты:</div>\r\n\r\n<div><a href=\"https://www.instagram.com/bauerdress/\" target=\"_blank\">Instagram</a></div>\r\n\r\n<div><a href=\"tel:89833022013\">8 (983) 302-20-13</a></div>\r\n\r\n<div><a href=\"tel:89833113436\">8 (983) 311-34-36</a></div>\r\n\r\n<div><a href=\"mailto:bauergallla@gmail.com\">bauergallla@gmail.com</a></div>\r\n\r\n<div>&nbsp;</div>\r\n</div>\r\n\r\n<p>&nbsp;</p>"}}, {"model": "information.privacy", "pk": 1, "fields": {"content": "<div>\r\n<div>\r\n<div>\r\n<div>\r\n<div>\r\n<h4><strong>Политика в отношении обработки персональных данных</strong></h4>\r\n</div>\r\n</div>\r\n\r\n<div>\r\n<div>\r\n<h5>1. Общие положения</h5>\r\n\r\n<div>Настоящая политика обработки персональных данных составлена в соответствии с требованиями Федерального закона от 27.07.2006. №152-ФЗ &laquo;О персональных данных&raquo; и определяет порядок обработки персональных данных и меры по обеспечению безопасности персональных данных, предпринимаемые ПЕРЕДЕЛАТЬ (далее &ndash; Оператор).</div>\r\n\r\n<div>\r\n<div>1.1. Оператор ставит своей важнейшей целью и условием осуществления своей деятельности соблюдение прав и свобод человека и гражданина при обработке его персональных данных, в том числе защиты прав на неприкосновенность частной жизни, личную и семейную тайну.</div>\r\n\r\n<div>1.2. Настоящая политика Оператора в отношении обработки персональных данных (далее &ndash; Политика) применяется ко всей информации, которую Оператор может получить о посетителях веб-сайта https://переделать.рф.</div>\r\n</div>\r\n</div>\r\n</div>\r\n\r\n<div>&nbsp;</div>\r\n\r\n<div>\r\n<div>\r\n<h5>2. Основные понятия, используемые в Политике</h5>\r\n\r\n<div>\r\n<div>2.1. Автоматизированная обработка персональных данных &ndash; обработка персональных данных с помощью средств вычислительной техники;</div>\r\n\r\n<div>2.2. Блокирование персональных данных &ndash; временное прекращение обработки персональных данных (за исключением случаев, если обработка необходима для уточнения персональных данных);</div>\r\n\r\n<div>2.3. Веб-сайт &ndash; совокупность графических и информационных материалов, а также программ для ЭВМ и баз данных, обеспечивающих их доступность в сети интернет по сетевому адресу https://переделать.рф;</div>\r\n\r\n<div>2.4. Информационная система персональных данных &mdash; совокупность содержащихся в базах данных персональных данных, и обеспечивающих их обработку информационных технологий и технических средств;</div>\r\n\r\n<div>2.5. Обезличивание персональных данных &mdash; действия, в результате которых невозможно определить без использования дополнительной информации принадлежность персональных данных конкретному Пользователю или иному субъекту персональных данных;</div>\r\n\r\n<div>2.6. Обработка персональных данных &ndash; любое действие (операция) или совокупность действий (операций), совершаемых с использованием средств автоматизации или без использования таких средств с персональными данными, включая сбор, запись, систематизацию, накопление, хранение, уточнение (обновление, изменение), извлечение, использование, передачу (распространение, предоставление, доступ), обезличивание, блокирование, удаление, уничтожение персональных данных;</div>\r\n\r\n<div>2.7. Оператор &ndash; государственный орган, муниципальный орган, юридическое или физическое лицо, самостоятельно или совместно с другими лицами организующие и (или) осуществляющие обработку персональных данных, а также определяющие цели обработки персональных данных, состав персональных данных, подлежащих обработке, действия (операции), совершаемые с персональными данными;</div>\r\n\r\n<div>2.8. Персональные данные &ndash; любая информация, относящаяся прямо или косвенно к определенному или определяемому Пользователю веб-сайта https://переделать.рф;</div>\r\n\r\n<div>2.9. Пользователь &ndash; любой посетитель веб-сайта https://переделать.рф;</div>\r\n\r\n<div>2.10. Предоставление персональных данных &ndash; действия, направленные на раскрытие персональных данных определенному лицу или определенному кругу лиц;</div>\r\n\r\n<div>2.11. Распространение персональных данных &ndash; любые действия, направленные на раскрытие персональных данных неопределенному кругу лиц (передача персональных данных) или на ознакомление с персональными данными неограниченного круга лиц, в том числе обнародование персональных данных в средствах массовой информации, размещение в информационно-телекоммуникационных сетях или предоставление доступа к персональным данным каким-либо иным способом;</div>\r\n\r\n<div>2.12. Трансграничная передача персональных данных &ndash; передача персональных данных на территорию иностранного государства органу власти иностранного государства, иностранному физическому или иностранному юридическому лицу;</div>\r\n\r\n<div>2.13. Уничтожение персональных данных &ndash; любые действия, в результате которых персональные данные уничтожаются безвозвратно с невозможностью дальнейшего восстановления содержания персональных данных в информационной системе персональных данных и (или) уничтожаются материальные носители персональных данных.</div>\r\n</div>\r\n</div>\r\n</div>\r\n\r\n<div>&nbsp;</div>\r\n\r\n<div>\r\n<div>\r\n<h5>3. Оператор может обрабатывать следующие персональные данные Пользователя</h5>\r\n\r\n<div>\r\n<div>3.1. Фамилия, имя, отчество;</div>\r\n\r\n<div>3.2. Электронный адрес;</div>\r\n\r\n<div>3.3. Номера телефонов;</div>\r\n\r\n<div>3.4. Адрес фактического места проживания и регистрации по месту жительства и (или) по месту пребывания;</div>\r\n\r\n<div>3.5. Также на сайте происходит сбор и обработка обезличенных данных о посетителях (в т.ч. файлов &laquo;cookie&raquo;) с помощью сервисов интернет-статистики (Яндекс Метрика и Гугл Аналитика и других).</div>\r\n\r\n<div>3.6. Вышеперечисленные данные далее по тексту Политики объединены общим понятием Персональные данные.</div>\r\n</div>\r\n</div>\r\n</div>\r\n\r\n<div>&nbsp;</div>\r\n\r\n<div>\r\n<div>\r\n<h5>4. Цели обработки персональных данных</h5>\r\n\r\n<div>\r\n<div>4.1. Цель обработки персональных данных Пользователя &mdash; информирование Пользователя посредством отправки электронных писем; предоставление доступа Пользователю к сервисам, информации и/или материалам, содержащимся на веб-сайте; уточнение деталей заказа.</div>\r\n\r\n<div>4.2. Также Оператор имеет право направлять Пользователю уведомления о новых продуктах и услугах, специальных предложениях и различных событиях. Пользователь всегда может отказаться от получения информационных сообщений, направив Оператору письмо на адрес электронной почты privacy@thismywebsite&middot;com с пометкой &laquo;Отказ от уведомлений о новых продуктах и услугах и специальных предложениях&raquo;.</div>\r\n\r\n<div>4.3. Обезличенные данные Пользователей, собираемые с помощью сервисов интернет-статистики, служат для сбора информации о действиях Пользователей на сайте, улучшения качества сайта и его содержания.</div>\r\n</div>\r\n</div>\r\n</div>\r\n\r\n<div>&nbsp;</div>\r\n\r\n<div>\r\n<div>\r\n<h5>5. Правовые основания обработки персональных данных</h5>\r\n\r\n<div>\r\n<div>5.1. Оператор обрабатывает персональные данные Пользователя только в случае их заполнения и/или отправки Пользователем самостоятельно через специальные формы, расположенные на сайте https://переделать.рф. Заполняя соответствующие формы и/или отправляя свои персональные данные Оператору, Пользователь выражает свое согласие с данной Политикой.</div>\r\n\r\n<div>5.2. Оператор обрабатывает обезличенные данные о Пользователе в случае, если это разрешено в настройках браузера Пользователя (включено сохранение файлов &laquo;cookie&raquo; и использование технологии JavaScript).</div>\r\n</div>\r\n</div>\r\n</div>\r\n\r\n<div>&nbsp;</div>\r\n\r\n<div>\r\n<div>\r\n<h5>6. Порядок сбора, хранения, передачи и других видов обработки персональных данных</h5>\r\n\r\n<div>Безопасность персональных данных, которые обрабатываются Оператором, обеспечивается путем реализации правовых, организационных и технических мер, необходимых для выполнения в полном объеме требований действующего законодательства в области защиты персональных данных.</div>\r\n\r\n<div>\r\n<div>6.1. Оператор обеспечивает сохранность персональных данных и принимает все возможные меры, исключающие доступ к персональным данным неуполномоченных лиц.</div>\r\n\r\n<div>6.2. Персональные данные Пользователя никогда, ни при каких условиях не будут переданы третьим лицам, за исключением случаев, связанных с исполнением действующего законодательства.</div>\r\n\r\n<div>6.3. В случае выявления неточностей в персональных данных, Пользователь может актуализировать их самостоятельно, путем направления Оператору уведомление на адрес электронной почты Оператора privacy@thismywebsite&middot;com с пометкой &laquo;Актуализация персональных данных&raquo;.</div>\r\n\r\n<div>6.4. Срок обработки персональных данных является неограниченным. Пользователь может в любой момент отозвать свое согласие на обработку персональных данных, направив Оператору уведомление посредством электронной почты на электронный адрес Оператора privacy@thismywebsite&middot;com с пометкой &laquo;Отзыв согласия на обработку персональных данных&raquo;.</div>\r\n</div>\r\n</div>\r\n</div>\r\n\r\n<div>&nbsp;</div>\r\n\r\n<div>\r\n<div>\r\n<h5>7. Трансграничная передача персональных данных</h5>\r\n\r\n<div>\r\n<div>7.1. Оператор до начала осуществления трансграничной передачи персональных данных обязан убедиться в том, что иностранным государством, на территорию которого предполагается осуществлять передачу персональных данных, обеспечивается надежная защита прав субъектов персональных данных.</div>\r\n\r\n<div>7.2. Трансграничная передача персональных данных на территории иностранных государств, не отвечающих вышеуказанным требованиям, может осуществляться только в случае наличия согласия в письменной форме субъекта персональных данных на трансграничную передачу его персональных данных и/или исполнения договора, стороной которого является субъект персональных данных.</div>\r\n</div>\r\n</div>\r\n</div>\r\n\r\n<div>&nbsp;</div>\r\n\r\n<div>\r\n<div>\r\n<h5>8. Заключительные положения</h5>\r\n\r\n<div>\r\n<div>8.1. Пользователь может получить любые разъяснения по интересующим вопросам, касающимся обработки его персональных данных, обратившись к Оператору с помощью электронной почты privacy@thismywebsite&middot;com.</div>\r\n\r\n<div>8.2. В данном документе будут отражены любые изменения политики обработки персональных данных Оператором. Политика действует бессрочно до замены ее новой версией.</div>\r\n\r\n<div>8.3. Актуальная версия Политики в свободном доступе расположена в сети Интернет по адресу http://переделать.рф.</div>\r\n</div>\r\n</div>\r\n</div>\r\n</div>\r\n</div>\r\n</div>"}}, {"model": "information.about", "pk": 1, "fields": {"title": "О нас", "content": "<div>Привет!</div>\r\n\r\n<div>Я Галина, шью платья маленьким принцессам!<br />\r\nВсе делаю и контролирую сама.</div>\r\n\r\n<div>Наш бизнес - семейный, нас 4 человека, швея я одна.<br />\r\nДля нас важно качество нашего товара, честность и прозрачность!<br />\r\nНаш бренд - наша фамилия!</div>"}}, {"model": "promotion.firstpage", "pk": 2, "fields": {"name": "Красное в горошек", "button": "Подробнее", "image": "promo/first_page/images/hero-banner-alt-red-dress.jpg"}}, {"model": "promotion.secondpage", "pk": 1, "fields": {"name": "example", "subtitle": "лучшее из", "title": "категорий", "first_category": 6, "image_for_first_cat": "promo/second_page/first_category/images/cat-img-1125x1050_fsdfsd.jpg", "alt_for_image_no_1": "платье", "text": "Праздничные платья", "second_category": 2, "image_for_second_cat": "promo/second_page/second_category/images/cat-img-1125x1050_ggsgdg_C0McJFY.jpg", "alt_for_image_no_2": "платья", "text_no_2": "Повседневные платья"}}, {"model": "promotion.servicepage", "pk": 1, "fields": {"name": "dfsdfsdf", "title_1": "Free доставка", "subtitle_1": "по Нск (до 10км от центра)", "title_2": "Поддержка 24 x 7", "subtitle_2": "Любые вопросы 24/7", "title_3": "Уникально", "subtitle_3": "Лучшее предложение"}}, {"model": "promotion.subpage", "pk": 1, "fields": {"name": "аваы", "title": "Узнайте быстрее всех!", "subtitle": "Мы дорожим своей репутацией и не отправляем спам :)"}}, {"model": "promotion.promotion", "pk": 1, "fields": {"seo_title": "Детские платья", "seo_description": "Купить платья для девочек в г. Новосибирск с бесплатной доставкой по городу", "theme_of_promo": "акция", "offer": "скидки на платья до 20%", "slug": "skidki-na-platya-do-20", "first_page": 2, "second_page": 1, "service_page": 1, "sub_page": 1, "is_main": true, "video": ""}}, {"model": "promotion.promoproduct", "pk": 1, "fields": {"product": 14, "promotion": 1}}, {"model": "promotion.promoproduct", "pk": 2, "fields": {"product": 10, "promotion": 1}}, {"model": "promotion.promoproduct", "pk": 3, "fields": {"product": 4, "promotion": 1}}, {"model": "promotion.promoproduct", "pk": 4, "fields": {"product": 6, "promotion": 1}}, {"model": "email_sub.subscription", "pk": 1, "fields": {"name": "Кирилл", "surname": "Бауэр", "email": "181001kirill@mail.ru", "date_sub": "2020-10-31T14:45:28.801Z"}}, {"model": "email_sub.subscription", "pk": 2, "fields": {"name": "Александр Евгеньевич", "surname": "Бауэр", "email": "170295alex@gmail.com", "date_sub": "2020-11-02T10:46:59.489Z"}}, {"model": "email_sub.subscription", "pk": 3, "fields": {"name": null, "surname": null, "email": "fdsfsdf@mail.ru", "date_sub": "2020-11-09T08:18:29.718Z"}}, {"model": "email_sub.subscription", "pk": 4, "fields": {"name": null, "surname": null, "email": "fsdf@mail.rsd", "date_sub": "2020-11-19T07:44:18.113Z"}}, {"model": "django_simple_coupons.ruleset", "pk": 1, "fields": {"allowed_users": 1, "max_uses": 1, "validity": 1}}, {"model": "django_simple_coupons.ruleset", "pk": 2, "fields": {"allowed_users": 1, "max_uses": 2, "validity": 1}}, {"model": "django_simple_coupons.ruleset", "pk": 3, "fields": {"allowed_users": 1, "max_uses": 3, "validity": 1}}, {"model": "django_simple_coupons.allowedusersrule", "pk": 1, "fields": {"all_users": true, "users": []}}, {"model": "django_simple_coupons.maxusesrule", "pk": 1, "fields": {"max_uses": 0, "is_infinite": true, "uses_per_user": 1}}, {"model": "django_simple_coupons.maxusesrule", "pk": 2, "fields": {"max_uses": 10, "is_infinite": false, "uses_per_user": 2}}, {"model": "django_simple_coupons.maxusesrule", "pk": 3, "fields": {"max_uses": 1000, "is_infinite": false, "uses_per_user": 3}}, {"model": "django_simple_coupons.validityrule", "pk": 1, "fields": {"expiration_date": "2020-11-30T07:19:13Z", "is_active": true}}, {"model": "django_simple_coupons.couponuser", "pk": 17, "fields": {"user": 2, "coupon": 8, "times_used": 1}}, {"model": "django_simple_coupons.discount", "pk": 1, "fields": {"value": 10, "is_percentage": true}}, {"model": "django_simple_coupons.discount", "pk": 2, "fields": {"value": 50, "is_percentage": true}}, {"model": "django_simple_coupons.coupon", "pk": 8, "fields": {"code": "74B5P0LT4BED", "discount": 2, "times_used": 1, "created": "2020-11-19T07:18:42.381Z", "ruleset": 1}}, {"model": "account.emailaddress", "pk": 1, "fields": {"user": 1, "email": "bk.evg@mail.ru", "verified": true, "primary": true}}, {"model": "account.emailaddress", "pk": 2, "fields": {"user": 2, "email": "181001kirill@mail.ru", "verified": true, "primary": true}}]